CategoryID,TimeID,SampleID,RegionID,Bundle_No,T0,T2,T3,T4,T5,T7,Orientation_AP,Orientation_DV,imgX_pixel,imgX_um,imgY_pixel,imgY_um,is_Crowded,is_Edge,is_Heel_Issues,is_Irregular,is_Mirror_Symmetry,is_Weak_FasII,is_symFate,coord_X_R1,coord_Y_R1,coord_X_T0,coord_Y_T0,coord_X_R2,coord_Y_R2,coord_X_T2,coord_Y_T2,coord_X_R3,coord_Y_R3,coord_X_T3,coord_Y_T3,coord_X_R4,coord_Y_R4,coord_X_T4,coord_Y_T4,coord_X_R5,coord_Y_R5,coord_X_T5,coord_Y_T5,coord_X_R6,coord_Y_R6,coord_X_T7,coord_Y_T7,symmetry,aT7cT4,aT3cT4,aT3cT7,aT2cT4,aT5cT4,aT2cT5
Nic,24,2,1,1,18,20,64,19,59,61,P,R,1412,126.9,1210,108.75,0,1,0,0,0,0,0,-0.986506375,-1.223387336,-1.463565535,-0.703981722,0.477479611,-1.387750871,1.822240377,-3.754712542,2.270715503,-0.788168603,10.52427139,-3.652989672,1.871916757,0.432622808,6.755100921,-0.000627093,0.804130431,1.253283087,2.185388825,3.088385601,-1.134762642,1.188150273,11.52838315,2.664350043,0.31964696,0.227862921,0.334918649,0.562781571,1.118867995,0.955070536,2.073938532
Nic,24,2,1,2,35,34,41,39,40,47,P,R,1412,126.9,1210,108.75,0,0,0,0,0,0,0,-1.914249965,-0.182933713,-2.410302402,0.443930803,-0.372070644,-0.643059886,0.571749288,-2.945955123,1.072588092,-0.459168444,7.864721043,-3.366839283,1.295719737,0.448377362,5.004281591,-0.016304204,0.086484047,1.234588023,2.972890584,3.178851914,-1.414303253,1.44923928,9.116582558,3.154747991,0.162497899,0.347116261,0.414466137,0.761582398,1.375842012,0.822123863,2.197965874
Nic,24,2,1,3,39,41,44,46,47,48,P,R,1412,126.9,1210,108.75,0,1,0,0,0,0,0,-0.219733139,-1.097875293,-0.91559499,-0.073872646,0.909545044,-1.14993598,3.214403543,-3.004634993,2.025324385,-0.680140127,10.11918529,-3.398203283,2.013754056,0.445410416,7.112824908,-0.020697984,1.148962354,1.182940372,3.339304839,3.171747118,-0.308051074,1.034075274,12.47603406,2.759500597,0.313169229,0.227477478,0.331198729,0.558676207,0.748770941,0.762579432,1.511350373
Nic,24,2,1,4,36,37,42,38,41,44,P,R,1412,126.9,1210,108.75,0,1,0,0,0,0,0,-0.73848213,-0.782533803,-2.056790154,0.180667145,0.760713251,-0.855423998,-0.047122195,-3.338234598,1.827113713,-0.712053763,7.539361048,-2.938202678,1.718073727,0.584635159,4.856390932,-0.008271001,0.077362559,1.179039248,1.748272414,3.310776804,-1.810425992,1.179783936,9.174417483,3.12191901,0.109293363,0.336485224,0.377773343,0.714258567,1.583208177,1.086660508,2.669868685
Nic,24,2,1,5,45,50,53,52,51,54,P,R,1412,126.9,1210,108.75,0,1,0,0,0,0,0,-0.281342974,-1.987128685,-1.410882231,-0.518697961,1.06295088,-1.600193048,3.892340902,-3.762728385,1.97031409,-0.571033344,9.304583943,-2.696639949,1.617979622,0.952846235,4.756094198,0.00480205,-0.053492121,1.271588585,2.114290153,3.804010034,-1.619538273,0.377525013,8.959097339,5.276112288,0.466383745,0.538368599,0.287282235,0.825650834,0.76947785,1.062497094,1.831974944
Nic,24,2,1,6,23,55,57,56,22,20,P,R,1412,126.9,1210,108.75,0,1,0,0,0,0,0,0.140400354,-1.442985024,-0.082166096,-0.653284128,1.680038179,-1.895081904,2.074867824,-4.806752096,2.795836496,-1.16464734,10.54060611,-4.390846491,2.873070884,0.525770683,6.892175762,6.65E-07,1.573903731,1.243252502,4.208282609,3.781430804,0.260733157,0.576676514,12.8716659,2.355509085,0.541448233,0.180947831,0.394607205,0.575555037,1.16330084,0.732023639,1.895324479
Nic,24,2,1,7,21,18,19,59,58,62,P,R,1412,126.9,1210,108.75,0,1,0,0,0,0,0,-1.245536119,1.245113803,-0.985397678,0.327476916,0.671176043,1.259219736,2.203414989,2.121218449,1.644261762,0.080464535,9.972262281,0.488008338,1.437981892,-0.890754326,6.194771295,-1.724420058,0.310161113,-1.36374303,2.821859341,-3.801344398,-1.50918985,-0.391395539,11.15640775,-6.910809184,0.037656344,0.33470786,0.322103985,0.656811845,1.037887665,0.660727065,1.69861473
Nic,24,2,1,8,20,63,65,64,19,60,P,R,1412,126.9,1210,108.75,0,0,0,0,0,0,0,-0.75842893,1.955569537,-0.864437269,0.242138051,0.618295023,0.898310886,2.636579428,1.501062697,1.799007609,-0.377441519,9.749967188,-2.045595811,1.48199893,-1.091759482,5.651708115,-3.07354118,0.506121263,-1.094915637,0.945814142,-3.741764258,-0.744175123,-0.727005108,10.87366679,-8.010416596,0.406735943,0.205918665,0.347094456,0.553013121,1.015646757,0.825120093,1.840766851
Nic,24,2,1,9,22,56,63,20,18,19,P,R,1412,126.9,1210,108.75,0,1,0,0,0,0,0,-1.383306353,1.369116245,-1.381508573,0.698533883,0.450893517,0.434514592,1.605179783,1.603819867,1.65950547,-0.253261856,9.615799121,-1.467494487,1.567780363,-1.119796432,5.739383776,-2.421297175,0.107323991,-1.323003913,1.41739681,-3.700112655,-1.429224895,-0.508583432,9.453944194,-6.752535765,0.075065219,0.297187631,0.274879177,0.572066808,1.184194359,0.805750709,1.989945068
Nic,24,2,1,10,25,26,34,35,33,40,P,R,1412,126.9,1210,108.75,0,1,0,0,0,0,0,-1.599046192,1.188608937,-2.019771921,0.506861268,-0.088736402,0.761448617,1.90114551,1.521091873,1.307292551,-0.030429557,9.032154862,-0.210239452,1.337965377,-0.832540437,5.16954182,-2.018303139,-0.025900825,-1.489133488,1.646196206,-3.766783631,-1.657101809,-0.758733349,9.370567527,-5.830775983,0.351336215,0.236617151,0.364776262,0.601393413,1.047019573,0.786558366,1.833577939
Nic,24,2,1,11,26,31,36,34,35,39,P,R,1412,126.9,1210,108.75,0,0,0,0,0,0,0,0.357738687,-0.788584223,-0.302860893,0.290514957,2.008603456,-0.823388709,6.477472427,-2.175829729,3.714226989,-0.597526133,13.18301556,-2.120817151,3.839299214,0.575934496,8.234660321,-0.014097206,2.273167245,1.720076015,3.956344135,3.088205611,0.52939564,1.528622192,15.41536676,2.312464071,0.045989938,0.153996306,0.161420002,0.315416308,0.322353323,0.664492844,0.986846168
Nic,24,2,1,12,34,36,38,41,39,46,P,R,1412,126.9,1210,108.75,0,1,0,0,0,0,0,0.022340031,0.322480513,-0.384282409,1.632466152,1.521294602,-0.284631483,3.921257613,-1.272550287,3.488200923,-0.510704817,9.850101701,-1.442145822,3.954065274,0.615316881,7.410164019,-0.208620082,2.468861784,1.86885619,7.157635575,1.967733063,0.743457783,2.202534773,13.63155768,2.121292133,0.35086119,0.211283906,0.137152583,0.348436489,0.285657378,0.296431904,0.582089282
Nic,24,2,1,13,41,38,43,44,46,45,P,R,1412,126.9,1210,108.75,0,1,0,0,0,0,0,2.044263347,-1.314211844,0.106027015,0.00874975,3.520133769,-1.259353529,7.080136771,-2.278789606,3.894384078,-0.54418823,13.45954841,-1.880792362,3.444335129,0.32429426,6.591783121,-0.28757807,1.840730163,1.075680622,4.791010934,1.454216346,0.174628185,0.922877215,11.93341527,1.123566066,0.299049033,0.168501663,0.118111404,0.286613067,0.267787186,0.338291427,0.606078613
Nic,24,2,1,14,46,44,50,45,48,51,P,R,1412,126.9,1210,108.75,0,1,0,0,0,0,0,-0.613988203,-0.994508929,-1.600649543,-0.114372671,1.001365413,-1.260312638,3.06874838,-2.600775129,2.15630616,-0.481992106,13.51766321,-3.021559315,2.372479675,0.427041561,8.46835798,-0.011226177,0.924770174,1.565997448,2.727037545,2.88377588,-0.932374562,1.353172662,14.51824857,2.613255491,0.179450702,0.182778466,0.222751353,0.405529819,0.701717296,0.814651608,1.516368903
Nic,24,2,1,15,24,28,26,25,29,33,P,R,1412,126.9,1210,108.75,0,0,0,0,0,0,0,-0.668296004,-1.186022655,-0.898615888,0.023062908,1.377899658,-1.259952805,4.190050383,-2.631215565,2.982501583,-0.661806304,12.06142602,-2.676386768,2.700662442,0.618574707,7.506826733,-0.022545598,0.990804043,1.309119695,3.114320746,3.102478903,-0.816091158,1.256078615,11.96403944,2.740309964,0.054798639,0.235468326,0.222564982,0.458033307,0.557727083,0.786496689,1.344223772
Nic,24,2,1,16,31,32,37,36,34,41,P,R,1412,126.9,1210,108.75,0,1,0,0,0,0,0,-1.340526878,-1.287102916,-1.661955718,-0.29010629,0.894864378,-1.226545268,3.073736079,-3.049987522,2.593581159,-0.662690539,11.35540926,-2.901440833,2.542989038,0.522372842,7.773427075,-0.051223708,0.572032438,1.32010322,2.842569254,2.819663163,-1.382262337,1.318844008,11.23412617,2.307679008,0.143128022,0.220740959,0.257612531,0.478353491,0.774930563,0.787942264,1.562872828
Nic,24,2,1,17,27,30,32,31,26,34,P,R,1412,126.9,1210,108.75,0,0,0,0,0,0,0,0.25046599,-0.493217427,-0.082915687,0.752961232,1.83071375,-0.645776161,3.724678715,-2.519916505,3.582836173,-0.48401207,14.93571759,-2.01769415,3.766812516,0.414817102,8.156547374,-0.195759337,2.470088099,1.550818351,4.993451666,2.868858333,0.131759432,1.747145119,12.7260198,1.40144237,0.169714962,0.152802971,0.126870021,0.279672992,0.570815333,0.545472219,1.116287552
Nic,24,4,1,1,20,42,44,27,24,23,A,L,1688,158.68,557,52.36,0,0,0,0,0,0,0,-28.8642126,-8.010331956,-32.58804886,4.658108617,-5.02406003,-11.2283199,3.377765831,-35.8920288,18.029585,-6.08074448,105.4663394,-35.57008445,19.54239842,6.792843923,73.07718206,-0.010160841,-1.092655058,18.11794397,22.50751396,39.85934691,-22.86570858,17.21057819,116.6285095,40.53951031,0.028356047,0.335980677,0.326453593,0.662434269,1.476824563,1.056896413,2.533720976
Nic,24,4,1,2,21,63,64,42,20,27,A,L,1688,158.68,557,52.36,0,1,0,0,0,0,0,-22.89594519,-9.04721731,-31.90082369,1.981153317,2.827669906,-12.83875879,11.27599886,-37.94111959,16.03034389,-7.242485196,104.9187983,-47.40215488,17.71981111,3.955581057,64.06672854,-0.16692795,1.875400543,15.56002153,20.69578835,37.21922333,-23.70989356,16.37382737,127.0420829,28.35951542,0.472557371,0.228723148,0.433645549,0.662368697,1.279307256,1.065924793,2.345232049
Nic,24,4,1,3,22,74,79,75,28,77,A,L,1688,158.68,557,52.36,0,1,0,0,0,0,0,-20.08284676,-6.013622432,-26.58546031,5.057995057,4.961619712,-9.847355554,21.41757743,-37.37658838,19.77128157,-7.09532192,111.6375331,-40.06337337,22.24801298,6.809365466,67.39913688,-0.068816699,7.271305699,18.29499831,24.32050288,45.84551237,-11.98380562,22.71847755,128.4388056,39.31078107,0.132729062,0.30251788,0.348815885,0.651333765,1.049429409,1.084077726,2.133507135
Nic,24,4,1,4,23,26,48,29,25,67,A,L,1688,158.68,557,52.36,0,1,0,0,0,0,0,-31.93685963,-10.74100231,-32.05977262,-1.130185051,-0.368602686,-13.42719949,14.32832481,-44.33675327,24.52942335,-9.765388564,110.4850739,-43.98512194,16.30853005,4.986601287,72.25712314,-0.005523814,-3.90024082,14.05551469,26.91029808,35.68006897,-21.19165135,15.31243082,126.9438363,38.81516579,0.216390407,0.297609995,0.37979371,0.677403705,1.258143711,0.924682111,2.182825822
Nic,24,4,1,5,24,27,26,23,65,25,A,L,1688,158.68,557,52.36,0,1,0,0,0,0,0,-24.01406171,-14.23115659,-30.36087721,-3.240001153,0.415306451,-13.37455502,17.08288779,-36.38690404,19.90306522,-5.897674401,121.4051013,-35.97474813,19.66821922,6.760456899,76.30313463,-0.008356688,-2.615144158,13.7589958,18.99833157,38.85845808,-21.86179534,10.2613142,119.2797351,40.99941631,0.130376794,0.332291842,0.288968697,0.621260539,1.131752729,1.116168643,2.247921373
Nic,24,4,1,6,25,29,68,67,66,70,A,L,1688,158.68,557,52.36,0,1,0,0,0,0,0,-22.24058154,-14.54250912,-25.58369867,-4.615285618,4.142590407,-18.06335099,20.28463437,-39.67729654,21.55621852,-7.746642982,110.3837956,-39.66854643,22.6179227,6.701302603,74.39265046,-0.002167473,-0.09344127,14.57642775,16.49702391,37.39766334,-19.11792479,14.31464705,123.3220697,36.53821431,0.164916455,0.288479754,0.345450171,0.633929925,1.098167803,1.155376907,2.25354471
Nic,24,4,1,7,26,46,22,48,29,68,A,L,1688,158.68,557,52.36,0,1,0,0,0,0,0,-17.59775674,-8.562815145,-30.69340425,-2.667727251,-0.682490097,-10.37876638,1.596621529,-38.3043227,16.85978344,-7.913399962,95.18298989,-44.67560757,17.81199672,5.989414986,59.5251361,-0.00937545,-4.507802909,11.83046738,12.97068662,37.74575273,-27.47719048,13.06050679,109.1224615,36.6932308,0.26009766,0.325925251,0.440497662,0.766422913,1.528980396,1.239962385,2.768942781
Nic,24,4,1,8,27,44,46,26,23,29,A,L,1688,158.68,557,52.36,0,1,0,0,0,0,0,-21.75746025,-17.33979342,-34.9379618,-0.595240785,-6.845642327,-15.42460196,2.967045434,-39.05463413,21.1954198,-8.130290913,98.93257939,-37.94926729,17.36657369,5.272232208,63.628731,-0.082681698,-1.924665159,18.81620858,27.07831228,36.37908134,-23.61439687,20.14233555,119.3195161,36.22362172,0.18909154,0.301280438,0.371534462,0.6728149,1.493670884,0.932228556,2.425899441
Nic,24,4,1,9,28,75,80,77,76,78,A,L,1688,158.68,557,52.36,0,1,0,1,0,0,0,-19.07037187,-13.24152713,-24.15865115,-2.175948562,0.055256217,-15.42466093,12.27700894,-41.10588127,16.24273658,-5.331659783,107.5627998,-35.30736653,18.07336169,4.850472186,71.78899743,-0.074021419,6.125904341,11.82452874,36.09200357,37.52910043,-13.86449958,15.10947464,127.7934615,34.2968088,0.167565682,0.26728041,0.321082882,0.588363292,1.279530955,0.805946957,2.085477912
Nic,24,4,1,10,29,48,28,68,67,71,A,L,1688,158.68,557,52.36,0,1,0,0,0,0,0,-14.23755073,18.44689373,-17.13703298,12.28195313,5.802780386,8.397124273,21.1193587,15.01146316,15.7391498,-6.385597072,118.6327156,-48.13098111,18.2363179,-16.92187772,76.60723816,-53.57289216,8.479106642,-18.67328504,37.31980719,-51.99626268,-10.81985324,-9.202263027,129.3956422,-120.0690428,0.210504642,0.257233853,0.325820602,0.583054456,1.228200729,0.337994429,1.566195159
Nic,24,4,1,11,30,21,42,20,62,24,A,L,1688,158.68,557,52.36,0,1,0,0,0,0,0,-15.5518553,16.69117382,-23.77031874,18.48026711,4.026033469,6.319783955,21.78482635,15.6037742,16.01806819,-6.779484015,109.1760501,-46.20764988,17.06203217,-17.44805165,69.401374,-47.08814017,4.149595645,-17.84146465,25.37747791,-48.2257858,-14.16816184,-6.272474132,113.7156518,-116.2884085,0.242595005,0.373837722,0.283146558,0.656984281,1.217704259,0.490248305,1.707952565
Nic,24,4,1,12,31,61,63,21,30,20,A,L,1688,158.68,557,52.36,0,1,0,0,0,0,0,-20.2800503,20.95051031,-25.88182192,17.14816369,-1.542747085,9.84586719,9.243233554,20.07273171,17.32690269,-7.614138036,96.60562022,-42.45239561,17.95871978,-18.46092789,61.39358907,-50.91954456,2.353730338,-17.4954912,24.77181136,-49.1610878,-15.32187248,-3.480686774,116.8723776,-120.1406649,0.46415228,0.240584189,0.448978656,0.689562845,1.831665241,0.41163147,2.243296711
Nic,24,4,1,13,32,69,73,72,46,22,A,L,1688,158.68,557,52.36,0,1,0,0,0,0,0,-15.91728544,19.24423364,-21.33090669,6.890331707,3.982664198,13.03208166,39.39126179,31.58718054,18.48862696,1.560379783,136.4015786,11.51184812,17.70107264,-9.329580853,75.62213249,-13.11726197,1.666127355,-15.4078834,32.17203728,-40.12187485,-16.05008432,-10.63075569,124.1783105,-65.44979573,0.257327173,0.342272003,0.254196116,0.596468119,0.84763709,0.723174549,1.570811639
Nic,24,4,1,14,33,57,60,19,34,58,A,L,1688,158.68,557,52.36,0,1,0,0,0,0,0,-3.2261323,15.24408158,-19.61675488,7.362631277,10.6199537,12.16080972,20.09029306,30.27985921,19.06433331,-0.225575256,121.2750601,-1.434965089,19.4398055,-12.57486837,72.87248828,-27.04357427,2.027815368,-17.1737481,10.07046053,-41.72168636,-14.50808214,-12.35901921,122.1441396,-79.01038295,0.21904542,0.278350336,0.356423207,0.634773543,1.340352539,0.978599886,2.318952425
Nic,24,4,1,15,19,60,61,31,35,30,A,L,1688,158.68,557,52.36,0,1,0,0,0,0,0,-15.70936126,17.8555147,-31.29994843,9.590160414,4.749889968,13.73979958,29.45705513,34.18125548,18.63945862,3.72502863,117.5241963,23.48678709,17.90754076,-8.662941443,69.98025277,-12.22637451,1.731348544,-15.8808789,17.28422294,-42.77277285,-22.04910821,-11.47447916,132.2975452,-64.00018307,0.163482992,0.301912817,0.360916532,0.662829349,1.032463406,1.013799591,2.046262997
Nic,24,4,1,16,34,19,31,35,58,59,A,L,1688,158.68,557,52.36,0,1,0,0,0,0,0,-0.212398251,1.327775795,-0.65179376,0.57070736,1.026451557,0.890384494,2.86032134,2.518420013,2.120465853,-0.223879092,10.72465692,-1.132310833,2.127230472,-1.426539914,6.206985088,-2.639103234,1.054939486,-1.581633251,4.591855166,-4.988038814,-0.085571901,-0.929060676,15.40071425,-10.32785768,0.221007939,0.251809229,0.323250058,0.575059286,1.123943727,0.424704894,1.548648621
Nic,24,4,1,17,35,31,21,30,59,62,A,L,1688,158.68,557,52.36,0,1,0,0,0,0,0,-1.223633242,1.074387196,-1.678984631,0.70720958,0.093152859,0.65581001,4.390460816,0.351166539,1.049287596,-0.143599696,9.107612247,-1.246417435,1.16684655,-1.207347349,6.187854748,-3.463879527,0.258407844,-1.284975101,1.94472014,-4.68304225,-1.240826804,-0.414644147,6.586184356,-6.814788301,0.095868625,0.477230567,0.431479128,0.908709695,0.590140089,0.666871078,1.257011167
Nic,24,4,1,18,36,49,50,38,40,51,A,R,1688,158.68,557,52.36,0,1,0,0,0,0,0,-1.744590238,-1.91847668,-1.303458263,-0.503563061,0.153243519,-1.766686608,2.853049961,-3.368506103,2.135056269,-0.939592365,7.704968467,-3.390790983,2.22423011,0.527017344,6.689420816,0.000392049,0.921664221,1.07754634,-0.795102224,4.721075071,-1.305396703,1.085436419,11.74402633,2.782673219,0.438934778,0.233065162,0.415397628,0.648462791,0.868118019,1.737587481,2.6057055
Nic,24,4,1,37,38,50,56,53,51,55,A,R,1688,158.68,557,52.36,0,1,0,0,0,0,0,-1.630546845,-0.982123372,-1.915554645,-0.375091624,0.151220494,-1.136585027,2.090113595,-2.90812385,1.406049726,-0.344410991,11.15527845,-2.732478404,1.782565181,0.700531983,5.75520159,0.014766295,0.015229729,1.43473803,1.478110803,3.491112359,-1.854402428,1.084493695,9.875055471,3.880807429,0.347082539,0.38240273,0.249677419,0.632080149,0.950185491,1.167722306,2.117907797
Nic,24,4,1,39,40,38,53,51,52,54,A,R,1688,158.68,557,52.36,0,0,0,0,0,0,0,-1.795800257,-2.006169832,-1.102439871,-0.689250607,0.578478267,-2.081957686,1.357598843,-4.002089794,2.545125669,-1.263185015,9.722602152,-4.825476987,2.56258898,0.141717584,7.27583631,9.38E-05,1.111044731,0.713563015,5.410459724,2.859708028,-0.917586969,0.975486221,14.47631141,0.800576251,0.88010345,0.055264458,0.460934517,0.516198976,1.243767831,0.486214364,1.729982196
Nic,24,4,1,41,42,64,32,44,27,26,A,L,1688,158.68,557,52.36,0,1,0,0,0,0,0,-1.369079279,-2.261422699,-1.829135068,-0.391185793,0.833165158,-1.742918505,2.95463483,-3.638390344,2.115357345,-0.779635815,10.6296242,-3.917652848,1.837093443,0.640003192,6.679598294,0.002139676,-0.662697537,1.255536405,4.035574723,3.148754354,-2.709705341,0.729484479,12.36128116,4.306400109,0.052189403,0.337162334,0.355727542,0.692889875,0.889057978,0.662260944,1.551318923
Nic,24,4,1,43,44,32,72,46,26,48,A,L,1688,158.68,557,52.36,0,1,0,0,0,0,0,-1.54772827,-0.418858073,-1.798193644,0.603106673,0.119082611,-0.988388468,0.893362312,-2.789183145,1.732893849,-0.753971594,8.790067978,-3.824505218,2.063417559,0.41141189,6.124623044,-0.035798449,0.888191106,1.51083828,2.586600262,4.341687938,-1.33940063,1.351799651,10.80039754,2.153423551,0.49858191,0.212940674,0.424676887,0.637617561,1.254980578,1.039345881,2.294326458
Nic,24,4,1,45,46,72,74,22,48,28,A,L,1688,158.68,557,52.36,0,1,0,0,0,0,0,-1.466089415,-0.37627542,-1.258216536,0.330270623,0.203779472,-0.756214199,1.344753709,-2.644472095,1.715222912,-0.54715406,10.8238598,-3.452798343,1.79351165,0.475565499,6.038558442,-0.016658734,0.669497982,1.279036975,3.143101159,3.316748647,-1.013434896,1.467361832,11.38720152,3.019417337,0.144848585,0.269699144,0.315381743,0.585080887,1.097601231,0.815031452,1.912632683
Nic,24,4,1,47,48,22,75,28,68,76,A,L,1688,158.68,557,52.36,0,1,0,0,0,0,0,-1.409890604,-0.579289077,-2.234977805,-0.121686774,0.094391283,-0.815507451,2.945635756,-3.035677374,1.787563048,-0.404069514,11.93377508,-2.697569015,1.95516756,0.639159686,6.466802636,-0.000532805,0.517620541,1.287094981,2.689484599,3.644326909,-1.482144538,1.309833119,10.74947705,3.514088774,0.296758516,0.316833186,0.22281024,0.539643426,0.800368457,0.93510704,1.735475496
Nic,24,5,1,1,30,34,37,32,31,36,P,R,1976,177.59,584,52.49,0,1,0,0,0,0,0,-27.05010425,-6.627812371,-27.20973064,1.385989371,-6.418319939,-12.72042547,8.800317649,-35.45046458,14.86634976,-6.062206523,100.3950105,-40.93912071,15.8753771,4.657751758,65.02130879,-0.113875501,-0.045734763,14.97856992,17.424762,40.03264607,-18.21753531,17.40283155,114.3555563,33.55131599,0.255145864,0.293369974,0.393862314,0.687232287,1.325720958,1.162015715,2.487736673
Nic,24,5,1,2,31,32,38,36,35,39,P,R,1976,177.59,584,52.49,0,0,0,0,0,0,0,-4.665160395,-14.65705023,-12.21686581,-3.778017496,15.28275462,-16.18103346,26.27865085,-39.04736876,30.25158953,-7.462462594,131.0583206,-32.32946864,30.07476456,8.525498571,79.46177669,-0.005388161,10.31963154,17.03033866,40.07018929,37.84863492,-7.844965525,14.30122096,137.7919633,39.06082735,0.124858765,0.276986745,0.242402522,0.519389267,0.978358131,0.756962555,1.735320686
Nic,24,5,1,3,18,19,24,20,21,23,P,R,1976,177.59,584,52.49,0,1,0,1,0,0,0,-26.18161484,-8.506444011,-30.00192614,3.565988097,-5.792036397,-11.99245739,18.78582289,-35.46737273,11.97180582,-4.23992612,116.3468703,-41.20532375,17.94900706,5.946532447,67.0774571,-0.061573397,2.177254458,16.80776579,18.5419941,33.19141701,-20.56853619,20.25142888,121.8009225,40.35282484,0.055286401,0.325283482,0.344319678,0.669603161,1.082781442,1.062263229,2.145044671
Nic,24,5,1,4,32,37,68,38,36,40,P,R,1976,177.59,584,52.49,0,0,0,0,0,0,0,-14.68823093,-7.38535187,-19.7284136,3.093528279,5.105510279,-13.92243962,17.94117413,-36.22167041,25.1476514,-7.543825724,124.1965595,-37.25664818,26.34492799,8.268406894,77.95139788,-0.034141947,9.684110516,19.48404862,27.57981809,40.00374654,-10.54302944,18.09922165,127.5445287,40.03009844,0.044211444,0.307151339,0.293571735,0.600723074,1.110464917,0.967636999,2.078101916
Nic,24,5,1,5,36,38,41,40,39,42,P,R,1976,177.59,584,52.49,0,0,0,0,0,0,0,-19.38541083,-8.561815883,-31.62496061,2.559508704,4.357754785,-12.17519518,17.96521084,-32.44318308,17.79219249,-6.038157601,123.3108248,-41.84814179,19.88935622,6.651112313,74.60403637,-0.050244813,5.237451046,16.55072042,28.91941704,37.74079125,-17.4750806,20.38136139,124.8187111,41.74007731,0.009934696,0.32702828,0.330309807,0.657338087,1.064409871,0.917640619,1.982050489
Nic,24,5,1,6,40,41,44,43,42,46,P,R,1976,177.59,584,52.49,0,0,0,0,0,0,0,-17.18581747,-9.008278366,-29.54157297,3.150820766,3.38616592,-13.62190904,19.49359206,-38.21176199,21.4399779,-6.672608194,115.4505464,-35.93083285,25.71508554,7.988015251,70.37283492,-0.07382789,5.729061253,14.51032159,25.41091131,43.1988951,-13.78625801,14.36015932,122.4853075,38.04826947,0.004550774,0.306855172,0.305458744,0.612313916,1.098015504,1.040124855,2.138140359
Nic,24,5,1,7,21,20,25,23,22,28,P,R,1976,177.59,584,52.49,0,0,0,0,0,0,0,-21.62025986,24.62655197,-34.71032703,25.03675322,-2.479178563,15.71970643,11.22865505,34.28983665,13.2047844,-1.680079969,91.50622297,-11.64258102,12.09320516,-10.55051181,65.12246945,-33.74406088,-2.857951522,-6.607126787,14.28174394,-36.92186281,-21.32266936,6.70313318,120.277331,-104.9339182,0.085363271,0.363808495,0.397762831,0.761571326,1.732410569,0.723639853,2.456050423
Nic,24,5,1,8,43,44,48,47,46,49,P,R,1976,177.59,584,52.49,0,1,0,0,0,0,0,-14.60047123,18.28138656,-21.01528706,13.99545687,7.933964917,12.76080045,32.0374759,29.3148208,17.4361461,-0.337896116,124.4815918,-2.412336198,13.7964497,-7.912484193,60.51483708,-18.92383516,-7.249977886,-7.316855348,28.38652647,-40.51283368,-22.84983692,0.075301586,128.3426928,-73.60658359,0.105641028,0.261307436,0.29217288,0.553480316,1.044129659,0.656534436,1.700664095
Nic,24,5,1,9,59,61,51,60,62,52,P,L,1976,177.59,584,52.49,0,1,0,1,0,0,0,-0.481963986,15.60648921,-4.895502587,12.41755708,19.32493201,5.893447032,36.33071583,13.09676791,36.52831569,-13.06912172,136.3685934,-48.79003348,31.92250998,-26.01892007,86.67780961,-50.41966615,11.38713195,-12.98633315,53.19919945,-63.85550474,-3.618344784,-7.088865222,148.6547002,-121.1632408,0.038972953,0.250664195,0.240895072,0.491559267,0.872834955,0.34933698,1.222171935
Nic,24,5,1,10,55,57,61,59,58,62,P,L,1976,177.59,584,52.49,0,1,0,0,0,0,0,-15.84329218,17.44734718,-19.84635908,16.33853731,2.993807763,9.364169273,20.64423426,17.96186561,24.86215092,-7.74308073,115.4455592,-35.95442276,20.56593718,-19.0795128,72.40559587,-46.2956497,5.386159275,-19.99019091,23.43638129,-52.01448629,-17.45610813,-5.868023652,121.0940059,-112.3418114,0.112623419,0.312684574,0.352369648,0.665054222,1.284911847,0.578582431,1.863494277
Nic,24,5,1,11,53,56,57,55,54,58,P,L,1976,177.59,584,52.49,0,1,0,0,0,0,0,-17.97959948,15.35156589,-20.6097687,9.522858113,4.315926685,4.042832211,23.01495689,20.3606617,15.22431098,-5.094172032,115.7854791,-38.74271554,16.16650122,-15.82904886,66.57173298,-40.95958371,7.146909792,-22.47005331,27.53086917,-55.94784168,-10.61551698,-12.43399722,107.9430126,-105.6898582,0.213196785,0.384068184,0.302186082,0.686254266,1.275852896,0.561932199,1.837785095
Nic,24,5,1,12,20,24,27,25,23,26,P,R,1976,177.59,584,52.49,0,0,0,0,0,0,0,-13.7665983,17.41386648,-26.12922791,12.26490125,0.563321675,9.356754483,16.73446124,26.14626308,17.94346947,-4.66170369,117.0805582,-30.41746588,18.95252096,-16.48559387,68.95266275,-36.70134293,2.883714649,-18.86508443,23.42795596,-49.31909327,-16.78037795,-8.077253828,110.6782256,-96.27195674,0.18139,0.349419182,0.286038036,0.635457218,1.490588075,0.638196971,2.128785046
Nic,24,5,1,13,29,30,32,31,33,35,P,R,1976,177.59,584,52.49,0,0,0,1,0,0,0,-22.16894514,30.43479325,-37.97946479,22.47656831,-1.933837417,16.47419703,11.60661738,28.80778981,13.64898382,-2.983114903,98.79198425,-21.59192541,11.31295592,-10.47488001,59.70272348,-36.61650182,-2.508625073,-9.289665129,15.7170626,-43.80528657,-21.06108598,1.926037548,115.8115403,-107.2320972,0.191263407,0.333959343,0.412939573,0.746898916,1.737945238,0.676157464,2.414102702
Nic,24,5,1,14,47,48,51,50,49,52,P,R,1976,177.59,584,52.49,0,1,0,1,0,0,0,-11.81489576,16.48980114,-15.27425089,7.972551972,8.334679311,1.529886557,28.8241286,10.09778319,20.08532425,-8.43193215,117.3847958,-49.27879787,23.93827839,-24.01560729,77.45592028,-55.87169251,7.775744972,-23.29857203,30.58896331,-55.68195754,-12.37383009,-8.338657447,121.4278277,-121.8200815,0.06071501,0.316775149,0.337251369,0.654026517,0.96186534,0.443549256,1.405414596
Nic,24,5,1,15,42,43,47,46,65,66,P,R,1976,177.59,584,52.49,0,0,0,0,0,0,0,-14.5109901,18.60564668,-17.26426872,13.66123763,7.006544433,7.370638142,30.05816072,13.89812913,23.37299829,-7.892790101,121.8588925,-41.15033289,22.88586346,-19.20579879,73.55998022,-51.63083545,10.91719265,-19.20483943,26.26343426,-52.88703847,-12.00159845,-4.665723393,135.5911935,-113.788024,0.605075375,0.156898704,0.397287721,0.554186425,1.045088499,0.497884832,1.542973332
Nic,24,5,1,16,41,45,67,44,43,47,P,R,1976,177.59,584,52.49,0,0,0,0,0,0,0,-9.108140767,17.55412175,-26.67976662,12.57938721,9.08103314,11.75244992,27.4529595,22.61937363,16.96750071,-0.783382693,124.3107638,-5.739378034,20.71412235,-14.23784007,84.1063048,-29.14257787,7.540205489,-15.38406123,31.63407102,-43.57842279,-11.95363178,-7.549761652,113.2848872,-77.86630196,0.111444691,0.338071713,0.300395416,0.638467129,1.02271493,0.609340384,1.632055315
Nic,24,5,1,17,35,36,40,39,64,63,P,R,1976,177.59,584,52.49,0,1,0,0,0,0,0,-11.16542565,-8.331341386,-17.9249604,0.770689484,8.564521203,-14.38924103,18.00994043,-34.33965163,23.77140239,-8.314513066,120.6286423,-42.19222772,25.85960827,5.654214214,87.06865045,-0.080595593,11.87210794,14.64721331,37.92099302,35.43532336,-8.761530128,16.185156,144.1099893,31.50970972,0.355606194,0.219342122,0.340385211,0.559727333,1.086843278,0.752451903,1.839295181
Nic,28,2,1,1,11,22,23,12,21,18,L,A,1484,127.87,640,55.15,0,1,0,1,0,0,0,0.357738687,-0.788584223,-0.302860893,0.290514957,2.008603456,-0.823388709,6.477472427,-2.175829729,3.714226989,-0.597526133,13.18301556,-2.120817151,3.839299214,0.575934496,8.234660321,-0.014097206,2.273167245,1.720076015,3.956344135,3.088205611,0.52939564,1.528622192,15.41536676,2.312464071,0.045989938,0.153996306,0.161420002,0.315416308,0.322353323,0.664492844,0.986846168
Nic,28,2,1,2,12,23,26,24,18,27,L,A,1484,127.87,640,55.15,0,1,0,1,0,0,0,0.022340031,0.322480513,-0.384282409,1.632466152,1.521294602,-0.284631483,3.921257613,-1.272550287,3.488200923,-0.510704817,9.850101701,-1.442145822,3.954065274,0.615316881,7.410164019,-0.208620082,2.468861784,1.86885619,7.157635575,1.967733063,0.743457783,2.202534773,13.63155768,2.121292133,0.35086119,0.211283906,0.137152583,0.348436489,0.285657378,0.296431904,0.582089282
Nic,28,2,1,3,18,31,30,27,28,20,L,A,1484,127.87,640,55.15,0,1,0,1,0,0,0,2.044263347,-1.314211844,0.106027015,0.00874975,3.520133769,-1.259353529,7.080136771,-2.278789606,3.894384078,-0.54418823,13.45954841,-1.880792362,3.444335129,0.32429426,6.591783121,-0.28757807,1.840730163,1.075680622,4.791010934,1.454216346,0.174628185,0.922877215,11.93341527,1.123566066,0.299049033,0.168501663,0.118111404,0.286613067,0.267787186,0.338291427,0.606078613
Nic,28,2,1,4,13,39,43,42,41,44,L,A,1484,127.87,640,55.15,0,0,0,0,0,0,0,-0.613988203,-0.994508929,-1.600649543,-0.114372671,1.001365413,-1.260312638,3.06874838,-2.600775129,2.15630616,-0.481992106,13.51766321,-3.021559315,2.372479675,0.427041561,8.46835798,-0.011226177,0.924770174,1.565997448,2.727037545,2.88377588,-0.932374562,1.353172662,14.51824857,2.613255491,0.179450702,0.182778466,0.222751353,0.405529819,0.701717296,0.814651608,1.516368903
Nic,28,2,1,5,14,36,39,13,40,41,L,A,1484,127.87,640,55.15,0,0,0,0,0,0,0,-0.668296004,-1.186022655,-0.898615888,0.023062908,1.377899658,-1.259952805,4.190050383,-2.631215565,2.982501583,-0.661806304,12.06142602,-2.676386768,2.700662442,0.618574707,7.506826733,-0.022545598,0.990804043,1.309119695,3.114320746,3.102478903,-0.816091158,1.256078615,11.96403944,2.740309964,0.054798639,0.235468326,0.222564982,0.458033307,0.557727083,0.786496689,1.344223772
Nic,28,2,1,6,15,19,38,36,14,13,L,A,1484,127.87,640,55.15,0,0,0,0,0,0,0,-1.340526878,-1.287102916,-1.661955718,-0.29010629,0.894864378,-1.226545268,3.073736079,-3.049987522,2.593581159,-0.662690539,11.35540926,-2.901440833,2.542989038,0.522372842,7.773427075,-0.051223708,0.572032438,1.32010322,2.842569254,2.819663163,-1.382262337,1.318844008,11.23412617,2.307679008,0.143128022,0.220740959,0.257612531,0.478353491,0.774930563,0.787942264,1.562872828
Nic,28,2,1,7,19,37,45,38,36,39,L,A,1484,127.87,640,55.15,0,0,0,0,0,0,0,0.25046599,-0.493217427,-0.082915687,0.752961232,1.83071375,-0.645776161,3.724678715,-2.519916505,3.582836173,-0.48401207,14.93571759,-2.01769415,3.766812516,0.414817102,8.156547374,-0.195759337,2.470088099,1.550818351,4.993451666,2.868858333,0.131759432,1.747145119,12.7260198,1.40144237,0.169714962,0.152802971,0.126870021,0.279672992,0.570815333,0.545472219,1.116287552
Nic,28,2,1,8,16,48,50,46,47,49,L,A,1484,127.87,640,55.15,0,1,0,0,0,0,0,-2.985251709,-1.418818004,-3.845655772,-0.326598077,-1.077926796,-1.532529603,0.467472092,-3.283187885,1.753187917,-0.576865645,12.75923945,-4.198276075,1.656196548,0.255147186,6.510748911,0.000869637,-0.658023964,0.98831988,3.981235238,2.572330853,-3.095279498,0.960137738,13.50784841,2.080966484,0.519639078,0.153338895,0.319216007,0.472554903,1.42949695,0.573504816,2.003001766
Nic,28,2,1,9,17,28,30,20,29,32,L,A,1484,127.87,640,55.15,0,1,0,1,0,0,0,-0.824875931,-1.701544149,-1.614538751,-0.372607222,0.661905491,-1.581891206,1.21767415,-3.05235527,2.083646552,-0.513848205,10.61359345,-2.617418937,2.204281323,0.541372741,7.67498668,-9.53E-07,0.403305363,1.823666878,2.927880082,2.861778958,-1.471066152,1.770448698,13.49092717,3.31337935,0.003935353,0.240826656,0.241778138,0.482604794,1.191213127,0.773981682,1.96519481
Nic,28,2,1,10,20,30,34,33,32,16,L,A,1484,127.87,640,55.15,0,1,0,1,0,0,0,0.178958869,-1.874280748,-1.153415046,-0.680184329,1.208743511,-1.489842825,1.830327596,-3.245815692,2.492392526,-0.642608001,13.32615497,-3.435852785,2.907986535,0.653937347,8.660621724,5.97E-06,1.539107242,1.084674734,4.603942097,2.733684895,-0.438930313,0.717681464,13.39638293,3.012529461,0.123396168,0.221207348,0.25234586,0.473553208,1.057341856,0.535825688,1.593167544
Nic,28,8,1,1,34,56,37,57,72,77,A,L,1779,179.4,576,58.08,0,0,0,0,0,0,0,-0.880541877,1.802023712,-3.025014468,0.537081211,0.487509428,1.302583752,0.932878361,3.904513231,1.3131074,0.601072739,8.294725998,3.796897099,0.715006985,-0.172186236,5.25304255,0.018095269,-0.892211163,-0.873744414,2.831329201,-2.654381935,-2.208440206,-0.627607135,10.09735885,-2.431621297,0.436519452,0.248177375,0.440436455,0.68861383,1.332825146,0.756598021,2.089423167
Nic,28,8,1,2,35,36,56,34,71,72,A,L,1779,179.4,576,58.08,0,0,0,0,0,0,0,-0.377087356,1.594579312,-1.635350036,0.050526045,1.338194651,1.456071593,3.438561034,3.269745915,2.558004569,0.719419332,11.38563805,3.202124116,2.726589252,-0.75770216,7.234604466,0.008556139,1.585484539,-1.342631388,3.118990082,-2.964237533,-0.16558555,-0.942276231,12.89009457,-3.582076945,0.00334792,0.276834092,0.277764024,0.554598116,0.75905572,0.7611471,1.52020282
Nic,28,8,1,3,36,40,38,56,34,57,A,L,1779,179.4,576,58.08,0,0,0,1,0,0,0,-1.700612747,0.186227931,-1.867554072,-0.446776508,-0.185819977,1.056841595,0.818794177,3.075004799,1.185378884,0.539697123,8.591710374,3.911763095,1.520815898,-0.554532482,6.06673075,0.024348851,0.041144171,-1.59059787,2.143967234,-3.369843861,-1.422229704,-1.611187352,10.42730923,-3.802091812,0.165676168,0.366601926,0.439400041,0.806001967,1.306546979,1.008181742,2.314728721
Nic,28,8,1,4,56,38,75,37,57,74,A,L,1779,179.4,576,58.08,0,0,0,0,0,0,0,-1.189332005,1.601207253,-1.510797045,0.705644069,0.397770772,1.477880043,1.361804255,4.458666495,2.104540309,0.967492209,9.423527978,4.33215266,2.214932498,-0.590200899,5.817478287,0.004100203,0.460300403,-1.220981609,2.478190763,-3.610402377,-0.951929848,-0.928017679,9.826496667,-2.618412603,0.392742841,0.264259629,0.435169228,0.699428857,1.273661831,0.969959131,2.243620962
Nic,28,8,1,5,37,75,79,73,74,78,A,L,1779,179.4,576,58.08,0,1,0,0,0,0,0,-0.438265746,1.414919331,-1.338508873,0.697976604,0.949949238,1.20655871,3.24376646,3.973357438,2.441820722,0.599572241,13.65144694,3.352018664,2.223512831,-0.568461566,6.304907133,-0.008448449,0.359623406,-0.784352304,1.883220651,-2.809940381,-1.174267587,-0.471610902,12.46713018,-3.187336832,0.028064462,0.253742495,0.246621348,0.500363843,0.887487522,0.97901192,1.866499441
Nic,28,8,1,6,38,39,76,75,37,73,A,L,1779,179.4,576,58.08,0,1,0,0,0,0,0,-1.975530915,1.172221058,-3.010577943,0.120062237,-0.164466791,1.52734033,1.079186239,4.390549932,1.330591236,0.670290387,9.222938907,4.646090487,1.546070886,-0.533357207,5.051306129,0.003679668,-0.203250099,-1.431920778,1.450710135,-4.327660455,-2.018639531,-1.087064912,9.028956422,-3.114772436,0.28523359,0.336876025,0.471309256,0.808185281,1.329048384,1.248078897,2.577127281
Nic,28,8,1,7,39,80,81,76,75,79,A,L,1779,179.4,576,58.08,0,1,0,0,0,0,0,-1.659152196,1.51647916,-2.481278372,0.592592051,0.229088069,1.81167907,2.353990102,3.698087755,2.20645216,0.746801923,11.17757963,3.78319463,1.613151213,-0.468864403,5.644815954,2.53E-06,-0.246685395,-1.116773928,1.008515178,-4.241521115,-2.666331688,-1.165111173,11.39302605,-3.311397171,0.133290025,0.282909385,0.326417594,0.609326979,1.003939347,1.337359465,2.341298812
Nic,28,8,1,8,40,82,39,38,56,37,A,L,1779,179.4,576,58.08,0,1,0,0,0,0,0,-1.66101061,1.337475676,-2.0710185,0.191984549,-0.37210904,1.325144052,1.728075839,3.454546655,1.521635637,0.625032685,10.02401678,4.117502225,1.747645242,-0.81801597,5.744655468,0.000928734,0.203180455,-1.502613613,2.709291631,-3.652188275,-1.403856965,-0.933475705,9.999430123,-4.680408434,0.110173659,0.439759019,0.391309159,0.831068178,1.106801221,0.932708202,2.039509424
Nic,28,8,1,9,41,86,85,59,58,36,A,L,1779,179.4,576,58.08,0,1,0,0,0,0,0,-0.083379405,2.876289702,-2.072094744,1.716294672,1.195564412,1.918118099,1.319091629,4.81561801,1.698258103,0.529373597,10.81632761,3.371618388,0.494932433,-0.188640156,5.627422449,0.013932215,-1.48548524,0.203856798,1.602258678,-3.19121464,-3.057209,0.598833617,10.16745815,-3.875258042,0.180538301,0.376249803,0.308322303,0.684572105,1.300959168,1.107958458,2.408917626
Nic,28,8,1,10,58,59,40,36,35,34,A,L,1779,179.4,576,58.08,0,1,0,0,0,0,0,-0.661236294,1.50072625,-1.727587415,0.381185125,0.772161547,1.39385945,2.172042022,3.689891887,1.918934178,0.718004063,9.5184392,3.561496846,1.840257263,-0.482133273,6.858741149,0.030602172,0.268876273,-1.464380772,2.043222238,-3.476196009,-1.163615803,-0.740927866,10.89240678,-2.853726944,0.263432932,0.271491404,0.368590202,0.640081606,1.034305054,1.043875801,2.078180855
Nic,28,8,1,11,59,85,82,40,36,56,A,L,1779,179.4,576,58.08,0,1,0,0,0,0,0,-1.174462269,0.857388353,-1.414536432,0.175026775,0.09879225,1.165988258,3.652441807,3.667532178,1.867919414,0.7367187,9.248374181,3.647614639,2.071060711,-0.554255528,5.931360206,0.025417559,1.003544836,-1.216410238,3.261373406,-3.502034875,-0.918484006,-1.386133387,11.19353534,-2.995604526,0.284903958,0.276459325,0.386604468,0.663063794,0.783174437,0.825251283,1.60842572
Nic,28,8,1,12,42,88,41,43,94,95,A,L,1779,179.4,576,58.08,0,0,0,1,0,0,0,-0.931772249,1.405351453,-1.471423473,0.358472547,1.152237034,1.229234928,1.2545774,3.554232264,2.520618031,0.890776813,9.412030495,3.326175734,2.595769168,-0.608842397,6.403116461,0.115331219,1.003418533,-1.487061621,2.62729327,-2.962799826,-0.91300687,-1.257055564,12.09478673,-2.836854306,0.23283912,0.275661611,0.359326992,0.634988602,1.21345828,0.863354101,2.076812381
Nic,28,8,1,13,44,111,65,64,112,66,A,R,1779,179.4,576,58.08,0,1,0,0,0,0,0,-1.134358783,0.396245727,-1.136799299,0.084610667,0.149286729,1.060752133,1.814272919,2.69041322,1.708276918,0.618020236,8.830424649,3.194670061,2.04680063,-0.46811212,5.983129511,0.099778331,0.58335609,-1.461037687,4.231989195,-3.103123807,-1.064344048,-1.444657825,10.56095781,-2.415336536,0.273019273,0.266700752,0.366860829,0.633561582,0.960820121,0.649372433,1.610192554
Nic,28,8,1,14,45,47,52,60,48,86,A,L,1779,179.4,576,58.08,0,1,0,0,0,0,0,-1.501204526,1.165654875,-2.430056623,0.050607329,-0.137209591,1.031756803,0.577836688,2.968952073,1.44483638,0.538173788,8.03844937,2.994167924,1.747407198,-0.605729974,4.775288535,0.081733579,-0.368404826,-1.382208613,1.993614812,-3.284561342,-1.860528583,-1.193913476,9.992591329,-3.463881853,0.020887155,0.385497182,0.377445243,0.762942426,1.361458638,1.04238528,2.403843918
Nic,28,8,1,15,46,45,60,48,88,41,A,L,1779,179.4,576,58.08,0,1,0,0,0,0,0,-1.778373265,1.288944229,-2.682886317,0.423047178,0.131593394,1.204894237,0.864217077,2.949370904,1.815653898,0.801244826,8.056393797,3.555272209,1.784964396,-0.440174592,5.565395356,0.176150409,0.463888288,-1.121344837,2.837234724,-3.104951013,-1.54877459,-1.054679517,11.00397818,-2.71359564,0.295348342,0.31796204,0.451232941,0.76919498,1.254117356,0.862061673,2.116179029
Nic,28,8,1,16,47,49,62,52,60,87,A,L,1779,179.4,576,58.08,0,0,0,0,0,0,0,-1.922973349,1.225193046,-2.144133726,0.209922814,-0.242605486,1.133306515,0.377575226,3.65705628,1.439117203,0.584341521,8.6111551,3.496487609,1.525882181,-0.494042979,5.312661865,0.075408312,0.198242847,-1.256128219,1.98596804,-2.806172853,-1.588961264,-0.860131249,9.395010004,-3.041872293,0.125423727,0.356199674,0.407282573,0.763482247,1.453722063,0.969104988,2.422827051
Nic,28,8,1,17,48,60,87,86,41,59,A,L,1779,179.4,576,58.08,0,1,0,0,0,0,0,-1.711134167,0.813026541,-2.666337298,0.172817646,-0.142979937,0.932861017,0.068435308,3.545812897,1.370512805,0.653612927,7.485791925,3.570058124,1.233572275,-0.413947345,5.336451335,0.1020796,0.308253398,-1.197840178,2.530318188,-3.24759512,-1.141123449,-1.278038079,10.41846921,-3.496104571,0.201687252,0.379786804,0.475736865,0.855523669,1.532371998,0.928033863,2.460405861
Nic,28,8,1,18,68,93,92,49,47,52,A,L,1779,179.4,576,58.08,0,1,0,0,0,0,0,-1.943750768,0.769554775,-2.541107984,-0.012215315,-0.252986341,1.005358217,-0.275415437,2.706800152,1.72133378,0.643237256,8.125340616,3.03632094,1.665598725,-0.397450739,5.634562177,0.181474035,0.035626945,-1.273319831,3.496241238,-3.250487129,-1.263983916,-1.277326467,10.94269196,-2.611181754,0.192378602,0.310624629,0.38461664,0.695241269,1.640000639,0.78118476,2.4211854
Nic,28,8,1,19,49,92,91,62,52,50,A,L,1779,179.4,576,58.08,0,1,0,0,0,0,0,-1.672324654,0.696749006,-2.133881037,-0.192792566,0.202488888,1.081830732,0.492874976,2.645687365,1.521725043,0.562548407,8.488334679,3.137951349,1.820795482,-0.484764255,6.103736144,0.14284985,0.693780989,-1.451704523,3.021972239,-3.330567793,-0.95703572,-1.357059014,10.99998833,-2.928610713,0.151684127,0.320371805,0.377656266,0.698028071,1.363214528,0.857337701,2.220552229
Nic,28,8,1,20,60,52,50,87,86,85,A,L,1779,179.4,576,58.08,0,1,0,0,0,0,0,-1.029651427,1.131871337,-1.654795049,0.034167592,0.414788195,1.213223611,1.543668623,2.973337355,1.815533503,0.616879408,9.524688908,3.236285338,1.84591428,-0.416337398,5.763344895,0.11753371,0.719673376,-1.178990151,3.642940714,-3.348367694,-0.658483521,-0.984855307,13.25790909,-2.990259862,0.21736638,0.271397141,0.346774192,0.618171333,1.071539822,0.763679383,1.835219205
Nic,28,8,1,21,50,103,104,51,61,83,A,L,1779,179.4,576,58.08,0,1,0,1,0,0,0,-1.06466409,1.688396455,-1.642188406,0.654725147,0.698690741,1.436985083,4.562926314,3.734397827,2.14712068,0.761445293,9.023160829,3.199933477,1.624356904,-0.639715548,4.457025752,0.005119565,0.246923184,-1.488334845,1.327065865,-3.461414427,-1.370782845,-1.06804964,8.889454446,-3.500906855,0.096456087,0.382218322,0.345351038,0.72756936,0.684724525,1.205840519,1.890565044
Nic,28,8,1,22,51,104,117,84,83,80,A,L,1779,179.4,576,58.08,0,1,0,0,0,0,0,-1.27206744,0.755780101,-1.510120414,-0.09400703,0.568266672,1.279019179,3.089555327,3.061178192,2.163915395,0.697560183,10.37922213,3.345848041,2.159021633,-0.488198299,7.040738205,0.006326866,0.65358164,-1.663605491,2.884873819,-3.655784742,-0.765026961,-1.485481044,12.71758218,-2.87570161,0.28194609,0.226483334,0.315412715,0.541896049,0.77988597,0.903619904,1.683505874
Nic,28,8,1,23,61,51,84,83,82,39,A,L,1779,179.4,576,58.08,0,1,0,0,0,0,0,-0.972972802,1.275205216,-1.679364064,1.058477093,0.573631303,1.609420739,1.893176044,4.133041429,2.286994099,0.698338109,10.39046125,3.172747607,2.418331641,-0.780895907,5.808742772,-1.69E-08,0.568184418,-1.416564554,2.47032207,-3.563984982,-1.144964992,-0.9424816,10.79247779,-3.484965249,0.051155753,0.312367078,0.296387705,0.608754784,1.141260939,0.964692742,2.105953681
Nic,28,8,1,24,52,62,103,50,87,61,A,L,1779,179.4,576,58.08,0,1,0,0,0,0,0,-1.658127843,0.582192632,-1.679113674,-0.624217852,0.21012013,0.972216079,1.187684959,2.863378004,1.587348489,0.610828035,11.34336558,4.365043818,1.958347211,-0.436298998,6.273935295,0.219972023,0.960621066,-1.394525088,2.765252915,-2.991188617,-0.585592204,-1.654603018,10.30631199,-2.296137054,0.244940198,0.299566518,0.396745419,0.696311937,1.142563079,0.859674119,2.002237198
Nic,28,8,1,25,62,91,90,103,50,84,A,L,1779,179.4,576,58.08,0,0,0,1,0,0,0,0.069942972,1.459264039,-0.573325305,0.497543855,1.73041784,1.318323482,2.233429097,3.378463294,2.78997926,0.61368626,16.85679276,3.707834768,2.697293902,-0.364220907,9.660962876,0.05989036,1.70319642,-1.05937971,3.80033165,-3.511038938,-0.181031501,-0.855168173,18.42386842,-2.48781123,0.333156106,0.148069423,0.222045106,0.370114529,0.980473378,0.752050418,1.732523796
Nic,28,8,1,26,53,63,67,96,97,98,A,L,1779,179.4,576,58.08,0,0,0,0,0,0,0,-1.228951915,0.335109515,-1.594503204,-0.349036207,0.245228059,1.01672744,0.677297258,2.920697001,1.950912795,0.811449614,9.156871314,3.808647782,2.101494539,-0.387361309,6.072369862,0.351390176,0.760750545,-1.44027747,4.075324738,-2.810936017,-0.704331233,-1.401367832,11.96756484,-2.205940339,0.300051285,0.303928168,0.43421491,0.738143078,1.285125575,0.661612993,1.946738568
Nic,28,8,1,27,63,100,101,67,96,99,A,L,1779,179.4,576,58.08,0,0,0,0,0,0,0,-1.756750449,0.948756828,-2.630053537,-0.09039801,-0.371057236,1.044966959,-0.014274227,3.178579016,1.293218334,0.542210691,8.186808391,3.432502396,1.618470075,-0.463291623,5.86509732,0.230347735,0.338876888,-1.429765485,2.521658191,-3.227457016,-1.307366744,-1.270349638,11.09592887,-3.176240927,0.129274184,0.376943115,0.432906787,0.809849902,1.536032904,0.946807581,2.482840485
Nic,28,8,1,28,67,101,46,102,99,42,A,L,1779,179.4,576,58.08,0,1,0,0,0,0,0,-2.484773007,0.984019912,-2.086634217,-0.377712487,-0.509204021,1.034252195,-0.046019255,2.757177471,1.495818805,0.570164383,8.411038433,3.206053118,1.898310515,-0.37964321,5.689818933,0.349216356,0.551982778,-1.122617523,3.449604033,-3.092449221,-1.473763749,-1.607932993,12.28258171,-2.456394102,0.168539013,0.329824536,0.396680711,0.726505247,1.526186728,0.792157378,2.318344106
Nic,28,8,1,29,64,65,109,110,66,115,A,R,1779,179.4,576,58.08,0,1,0,0,0,0,0,-1.008687974,1.200543556,-1.066710284,0.300791196,0.777501861,1.25329855,2.0788748,3.272216984,2.310425007,0.658903846,11.33613514,3.232921658,2.254349086,-0.629573259,6.727278083,0.042070494,0.99031073,-1.248565803,3.228139828,-2.788249713,-0.899886208,-1.161900806,11.16119741,-3.116993491,0.021801879,0.292971764,0.286584429,0.579556193,0.998563201,0.718666372,1.717229573
Nic,28,8,1,30,65,55,108,109,110,81,A,R,1779,179.4,576,58.08,0,1,0,0,0,0,0,-1.398794849,0.399567478,-1.939294047,-0.313404824,0.550021752,0.676685572,2.146688249,2.670324522,1.800846316,0.600390328,9.692350223,3.231365872,1.626067162,-0.41681969,7.313113424,0.07746447,0.900826889,-1.812264921,2.860313548,-3.247474821,-0.746816836,-1.812370125,10.44718197,-2.677989726,0.163287715,0.281123503,0.335985867,0.61710937,0.883086441,0.859293744,1.742380185
Nic,28,8,1,31,66,110,81,115,116,79,A,R,1779,179.4,576,58.08,0,1,0,0,0,0,0,-1.586126111,1.170388141,-1.771923175,0.248457031,0.362020603,1.160876934,1.681567583,3.111815515,1.782730832,0.663037327,9.280913529,3.45177858,1.746450237,-0.486749036,6.166306898,0.046547656,0.093422907,-1.056042355,2.317763374,-3.358856009,-1.537169065,-1.196235297,10.88345674,-3.033302618,0.200639743,0.295761671,0.369997969,0.66575964,1.067819163,0.974331111,2.042150273
Nic,28,8,1,32,54,105,107,106,55,108,A,R,1779,179.4,576,58.08,0,1,0,0,0,0,0,-1.545465003,1.044309158,-2.114431813,0.242109856,0.25298909,1.147287189,1.482066719,2.369826511,1.51676842,0.549038355,8.691769381,3.146238211,1.280608595,-0.420337634,5.821318629,0.024860891,-0.295523168,-1.071324152,2.05288273,-3.156074264,-1.576095389,-0.871046729,9.616395157,-3.156415477,0.065193325,0.333931185,0.357219513,0.691150698,1.007645696,0.998372297,2.006017993
Nic,28,8,1,33,55,106,114,108,109,113,A,R,1779,179.4,576,58.08,0,1,0,1,0,0,0,-0.668767324,0.986793549,-1.094057188,0.462585968,0.541096669,1.297385738,2.860270498,3.479707024,2.08464757,0.758582539,11.94266544,4.345817296,2.128312521,-0.432991447,6.454635316,0.010167877,0.624294083,-1.051743732,3.651747799,-2.972003916,-0.950157608,-0.749932646,11.54330845,-2.348411606,0.417598144,0.206535759,0.354627577,0.561163337,0.881217029,0.684709248,1.565926277
Nic,28,8,1,69,70,68,49,47,45,60,A,L,1779,179.4,576,58.08,0,1,0,0,0,0,0,-1.947780958,1.056462951,-1.587782207,-0.064908523,-0.128108702,1.232020521,-0.567239434,2.975000577,1.567993916,0.750604218,7.601064896,3.638656577,1.984509202,-0.32954065,5.67989331,0.262392154,0.687807596,-1.266485183,3.121037517,-2.719709529,-0.814931597,-1.150768493,10.27677205,-1.706524788,0.476964314,0.258493985,0.494218639,0.752712624,1.713039728,0.762958086,2.475997814
Nic,28,9,1,1,33,34,36,35,42,43,L,A,1954,1954,686,686,0,0,0,0,0,0,0,-27.05010425,-6.627812371,-27.20973064,1.385989371,-6.418319939,-12.72042547,8.800317649,-35.45046458,14.86634976,-6.062206523,100.3950105,-40.93912071,15.8753771,4.657751758,65.02130879,-0.113875501,-0.045734763,14.97856992,17.424762,40.03264607,-18.21753531,17.40283155,114.3555563,33.55131599,0.255145864,0.293369974,0.393862314,0.687232287,1.325720958,1.162015715,2.487736673
Nic,28,9,1,2,34,56,57,36,35,44,L,A,1954,1954,686,686,0,1,0,0,0,0,0,-4.665160395,-14.65705023,-12.21686581,-3.778017496,15.28275462,-16.18103346,26.27865085,-39.04736876,30.25158953,-7.462462594,131.0583206,-32.32946864,30.07476456,8.525498571,79.46177669,-0.005388161,10.31963154,17.03033866,40.07018929,37.84863492,-7.844965525,14.30122096,137.7919633,39.06082735,0.124858765,0.276986745,0.242402522,0.519389267,0.978358131,0.756962555,1.735320686
Nic,28,9,1,3,42,35,44,43,94,95,L,A,1954,1954,686,686,0,0,0,0,0,0,0,-26.18161484,-8.506444011,-30.00192614,3.565988097,-5.792036397,-11.99245739,18.78582289,-35.46737273,11.97180582,-4.23992612,116.3468703,-41.20532375,17.94900706,5.946532447,67.0774571,-0.061573397,2.177254458,16.80776579,18.5419941,33.19141701,-20.56853619,20.25142888,121.8009225,40.35282484,0.055286401,0.325283482,0.344319678,0.669603161,1.082781442,1.062263229,2.145044671
Nic,28,9,1,4,35,36,45,44,43,59,L,A,1954,1954,686,686,0,0,0,0,0,0,0,-14.68823093,-7.38535187,-19.7284136,3.093528279,5.105510279,-13.92243962,17.94117413,-36.22167041,25.1476514,-7.543825724,124.1965595,-37.25664818,26.34492799,8.268406894,77.95139788,-0.034141947,9.684110516,19.48404862,27.57981809,40.00374654,-10.54302944,18.09922165,127.5445287,40.03009844,0.044211444,0.307151339,0.293571735,0.600723074,1.110464917,0.967636999,2.078101916
Nic,28,9,1,5,36,57,46,45,44,58,L,A,1954,1954,686,686,0,0,0,0,0,0,0,-19.38541083,-8.561815883,-31.62496061,2.559508704,4.357754785,-12.17519518,17.96521084,-32.44318308,17.79219249,-6.038157601,123.3108248,-41.84814179,19.88935622,6.651112313,74.60403637,-0.050244813,5.237451046,16.55072042,28.91941704,37.74079125,-17.4750806,20.38136139,124.8187111,41.74007731,0.009934696,0.32702828,0.330309807,0.657338087,1.064409871,0.917640619,1.982050489
Nic,28,9,1,6,43,44,58,59,95,96,L,A,1954,1954,686,686,0,0,0,0,0,0,0,-17.18581747,-9.008278366,-29.54157297,3.150820766,3.38616592,-13.62190904,19.49359206,-38.21176199,21.4399779,-6.672608194,115.4505464,-35.93083285,25.71508554,7.988015251,70.37283492,-0.07382789,5.729061253,14.51032159,25.41091131,43.1988951,-13.78625801,14.36015932,122.4853075,38.04826947,0.004550774,0.306855172,0.305458744,0.612313916,1.098015504,1.040124855,2.138140359
Nic,28,9,1,7,37,73,55,69,71,74,R,A,1954,1954,686,686,0,0,0,0,0,0,0,-21.62025986,24.62655197,-34.71032703,25.03675322,-2.479178563,15.71970643,11.22865505,34.28983665,13.2047844,-1.680079969,91.50622297,-11.64258102,12.09320516,-10.55051181,65.12246945,-33.74406088,-2.857951522,-6.607126787,14.28174394,-36.92186281,-21.32266936,6.70313318,120.277331,-104.9339182,0.085363271,0.363808495,0.397762831,0.761571326,1.732410569,0.723639853,2.456050423
Nic,28,9,1,8,38,63,81,76,75,80,R,A,1954,1954,686,686,0,0,0,0,0,0,0,-14.60047123,18.28138656,-21.01528706,13.99545687,7.933964917,12.76080045,32.0374759,29.3148208,17.4361461,-0.337896116,124.4815918,-2.412336198,13.7964497,-7.912484193,60.51483708,-18.92383516,-7.249977886,-7.316855348,28.38652647,-40.51283368,-22.84983692,0.075301586,128.3426928,-73.60658359,0.105641028,0.261307436,0.29217288,0.553480316,1.044129659,0.656534436,1.700664095
Nic,28,9,1,9,39,37,69,71,70,72,R,A,1954,1954,686,686,0,1,0,0,0,0,0,-0.481963986,15.60648921,-4.895502587,12.41755708,19.32493201,5.893447032,36.33071583,13.09676791,36.52831569,-13.06912172,136.3685934,-48.79003348,31.92250998,-26.01892007,86.67780961,-50.41966615,11.38713195,-12.98633315,53.19919945,-63.85550474,-3.618344784,-7.088865222,148.6547002,-121.1632408,0.038972953,0.250664195,0.240895072,0.491559267,0.872834955,0.34933698,1.222171935
Nic,28,9,1,10,40,52,41,51,53,73,R,A,1954,1954,686,686,0,0,0,0,0,0,0,-15.84329218,17.44734718,-19.84635908,16.33853731,2.993807763,9.364169273,20.64423426,17.96186561,24.86215092,-7.74308073,115.4455592,-35.95442276,20.56593718,-19.0795128,72.40559587,-46.2956497,5.386159275,-19.99019091,23.43638129,-52.01448629,-17.45610813,-5.868023652,121.0940059,-112.3418114,0.112623419,0.312684574,0.352369648,0.665054222,1.284911847,0.578582431,1.863494277
Nic,28,9,1,11,51,41,77,54,73,55,R,A,1954,1954,686,686,0,0,0,0,0,0,0,-17.97959948,15.35156589,-20.6097687,9.522858113,4.315926685,4.042832211,23.01495689,20.3606617,15.22431098,-5.094172032,115.7854791,-38.74271554,16.16650122,-15.82904886,66.57173298,-40.95958371,7.146909792,-22.47005331,27.53086917,-55.94784168,-10.61551698,-12.43399722,107.9430126,-105.6898582,0.213196785,0.384068184,0.302186082,0.686254266,1.275852896,0.561932199,1.837785095
Nic,28,9,1,12,52,67,68,41,51,54,R,A,1954,1954,686,686,0,0,0,0,0,0,0,-13.7665983,17.41386648,-26.12922791,12.26490125,0.563321675,9.356754483,16.73446124,26.14626308,17.94346947,-4.66170369,117.0805582,-30.41746588,18.95252096,-16.48559387,68.95266275,-36.70134293,2.883714649,-18.86508443,23.42795596,-49.31909327,-16.78037795,-8.077253828,110.6782256,-96.27195674,0.18139,0.349419182,0.286038036,0.635457218,1.490588075,0.638196971,2.128785046
Nic,28,9,1,13,53,51,54,73,37,69,R,A,1954,1954,686,686,0,0,0,0,0,0,0,-22.16894514,30.43479325,-37.97946479,22.47656831,-1.933837417,16.47419703,11.60661738,28.80778981,13.64898382,-2.983114903,98.79198425,-21.59192541,11.31295592,-10.47488001,59.70272348,-36.61650182,-2.508625073,-9.289665129,15.7170626,-43.80528657,-21.06108598,1.926037548,115.8115403,-107.2320972,0.191263407,0.333959343,0.412939573,0.746898916,1.737945238,0.676157464,2.414102702
Nic,28,9,1,14,41,68,78,77,54,62,R,A,1954,1954,686,686,0,1,0,0,0,0,0,-11.81489576,16.48980114,-15.27425089,7.972551972,8.334679311,1.529886557,28.8241286,10.09778319,20.08532425,-8.43193215,117.3847958,-49.27879787,23.93827839,-24.01560729,77.45592028,-55.87169251,7.775744972,-23.29857203,30.58896331,-55.68195754,-12.37383009,-8.338657447,121.4278277,-121.8200815,0.06071501,0.316775149,0.337251369,0.654026517,0.96186534,0.443549256,1.405414596
Nic,28,9,1,15,54,77,79,62,55,63,R,A,1954,1954,686,686,0,1,0,0,0,0,0,-14.5109901,18.60564668,-17.26426872,13.66123763,7.006544433,7.370638142,30.05816072,13.89812913,23.37299829,-7.892790101,121.8588925,-41.15033289,22.88586346,-19.20579879,73.55998022,-51.63083545,10.91719265,-19.20483943,26.26343426,-52.88703847,-12.00159845,-4.665723393,135.5911935,-113.788024,0.605075375,0.156898704,0.397287721,0.554186425,1.045088499,0.497884832,1.542973332
Nic,28,9,1,16,55,62,64,63,38,76,R,A,1954,1954,686,686,0,0,0,0,0,0,0,-9.108140767,17.55412175,-26.67976662,12.57938721,9.08103314,11.75244992,27.4529595,22.61937363,16.96750071,-0.783382693,124.3107638,-5.739378034,20.71412235,-14.23784007,84.1063048,-29.14257787,7.540205489,-15.38406123,31.63407102,-43.57842279,-11.95363178,-7.549761652,113.2848872,-77.86630196,0.111444691,0.338071713,0.300395416,0.638467129,1.02271493,0.609340384,1.632055315
Nic,28,9,1,17,56,98,99,57,36,45,L,A,1954,1954,686,686,0,1,0,0,0,0,0,-11.16542565,-8.331341386,-17.9249604,0.770689484,8.564521203,-14.38924103,18.00994043,-34.33965163,23.77140239,-8.314513066,120.6286423,-42.19222772,25.85960827,5.654214214,87.06865045,-0.080595593,11.87210794,14.64721331,37.92099302,35.43532336,-8.761530128,16.185156,144.1099893,31.50970972,0.355606194,0.219342122,0.340385211,0.559727333,1.086843278,0.752451903,1.839295181
Nic,28,9,1,18,57,99,100,46,45,89,L,A,1954,1954,686,686,0,1,0,0,0,0,0,-28.8642126,-8.010331956,-32.58804886,4.658108617,-5.02406003,-11.2283199,3.377765831,-35.8920288,18.029585,-6.08074448,105.4663394,-35.57008445,19.54239842,6.792843923,73.07718206,-0.010160841,-1.092655058,18.11794397,22.50751396,39.85934691,-22.86570858,17.21057819,116.6285095,40.53951031,0.028356047,0.335980677,0.326453593,0.662434269,1.476824563,1.056896413,2.533720976
Nic,28,9,1,19,44,45,89,58,59,50,L,A,1954,1954,686,686,0,0,0,0,0,0,0,-22.89594519,-9.04721731,-31.90082369,1.981153317,2.827669906,-12.83875879,11.27599886,-37.94111959,16.03034389,-7.242485196,104.9187983,-47.40215488,17.71981111,3.955581057,64.06672854,-0.16692795,1.875400543,15.56002153,20.69578835,37.21922333,-23.70989356,16.37382737,127.0420829,28.35951542,0.472557371,0.228723148,0.433645549,0.662368697,1.279307256,1.065924793,2.345232049
Nic,28,9,1,20,45,46,90,89,58,88,L,A,1954,1954,686,686,0,0,0,0,0,0,0,-20.08284676,-6.013622432,-26.58546031,5.057995057,4.961619712,-9.847355554,21.41757743,-37.37658838,19.77128157,-7.09532192,111.6375331,-40.06337337,22.24801298,6.809365466,67.39913688,-0.068816699,7.271305699,18.29499831,24.32050288,45.84551237,-11.98380562,22.71847755,128.4388056,39.31078107,0.132729062,0.30251788,0.348815885,0.651333765,1.049429409,1.084077726,2.133507135
Nic,28,9,1,21,58,89,91,88,50,87,L,A,1954,1954,686,686,0,0,0,0,0,0,0,-31.93685963,-10.74100231,-32.05977262,-1.130185051,-0.368602686,-13.42719949,14.32832481,-44.33675327,24.52942335,-9.765388564,110.4850739,-43.98512194,16.30853005,4.986601287,72.25712314,-0.005523814,-3.90024082,14.05551469,26.91029808,35.68006897,-21.19165135,15.31243082,126.9438363,38.81516579,0.216390407,0.297609995,0.37979371,0.677403705,1.258143711,0.924682111,2.182825822
Nic,28,9,1,22,59,58,88,50,96,92,L,A,1954,1954,686,686,0,0,0,0,0,0,0,-24.01406171,-14.23115659,-30.36087721,-3.240001153,0.415306451,-13.37455502,17.08288779,-36.38690404,19.90306522,-5.897674401,121.4051013,-35.97474813,19.66821922,6.760456899,76.30313463,-0.008356688,-2.615144158,13.7589958,18.99833157,38.85845808,-21.86179534,10.2613142,119.2797351,40.99941631,0.130376794,0.332291842,0.288968697,0.621260539,1.131752729,1.116168643,2.247921373
Nic,28,9,1,23,50,88,85,87,92,93,L,A,1954,1954,686,686,0,0,0,1,0,0,0,-22.24058154,-14.54250912,-25.58369867,-4.615285618,4.142590407,-18.06335099,20.28463437,-39.67729654,21.55621852,-7.746642982,110.3837956,-39.66854643,22.6179227,6.701302603,74.39265046,-0.002167473,-0.09344127,14.57642775,16.49702391,37.39766334,-19.11792479,14.31464705,123.3220697,36.53821431,0.164916455,0.288479754,0.345450171,0.633929925,1.098167803,1.155376907,2.25354471
Nic,28,9,1,24,46,100,101,90,89,91,L,A,1954,1954,686,686,0,0,0,0,0,0,0,-17.59775674,-8.562815145,-30.69340425,-2.667727251,-0.682490097,-10.37876638,1.596621529,-38.3043227,16.85978344,-7.913399962,95.18298989,-44.67560757,17.81199672,5.989414986,59.5251361,-0.00937545,-4.507802909,11.83046738,12.97068662,37.74575273,-27.47719048,13.06050679,109.1224615,36.6932308,0.26009766,0.325925251,0.440497662,0.766422913,1.528980396,1.239962385,2.768942781
Nic,28,9,1,25,60,47,56,34,33,35,L,A,1954,1954,686,686,0,0,0,0,0,0,0,-21.75746025,-17.33979342,-34.9379618,-0.595240785,-6.845642327,-15.42460196,2.967045434,-39.05463413,21.1954198,-8.130290913,98.93257939,-37.94926729,17.36657369,5.272232208,63.628731,-0.082681698,-1.924665159,18.81620858,27.07831228,36.37908134,-23.61439687,20.14233555,119.3195161,36.22362172,0.18909154,0.301280438,0.371534462,0.6728149,1.493670884,0.932228556,2.425899441
Nic,28,9,1,26,47,97,98,56,34,36,L,A,1954,1954,686,686,0,1,0,0,0,0,0,-19.07037187,-13.24152713,-24.15865115,-2.175948562,0.055256217,-15.42466093,12.27700894,-41.10588127,16.24273658,-5.331659783,107.5627998,-35.30736653,18.07336169,4.850472186,71.78899743,-0.074021419,6.125904341,11.82452874,36.09200357,37.52910043,-13.86449958,15.10947464,127.7934615,34.2968088,0.167565682,0.26728041,0.321082882,0.588363292,1.279530955,0.805946957,2.085477912
Nic,28,9,1,27,48,53,73,37,39,71,R,A,1954,1954,686,686,0,0,0,0,0,0,0,-14.23755073,18.44689373,-17.13703298,12.28195313,5.802780386,8.397124273,21.1193587,15.01146316,15.7391498,-6.385597072,118.6327156,-48.13098111,18.2363179,-16.92187772,76.60723816,-53.57289216,8.479106642,-18.67328504,37.31980719,-51.99626268,-10.81985324,-9.202263027,129.3956422,-120.0690428,0.210504642,0.257233853,0.325820602,0.583054456,1.228200729,0.337994429,1.566195159
Nic,28,9,1,28,49,61,52,40,65,53,R,A,1954,1954,686,686,0,0,0,0,0,0,0,-15.5518553,16.69117382,-23.77031874,18.48026711,4.026033469,6.319783955,21.78482635,15.6037742,16.01806819,-6.779484015,109.1760501,-46.20764988,17.06203217,-17.44805165,69.401374,-47.08814017,4.149595645,-17.84146465,25.37747791,-48.2257858,-14.16816184,-6.272474132,113.7156518,-116.2884085,0.242595005,0.373837722,0.283146558,0.656984281,1.217704259,0.490248305,1.707952565
Nic,28,9,1,29,61,66,67,52,40,51,R,A,1954,1954,686,686,0,1,0,0,0,0,0,-20.2800503,20.95051031,-25.88182192,17.14816369,-1.542747085,9.84586719,9.243233554,20.07273171,17.32690269,-7.614138036,96.60562022,-42.45239561,17.95871978,-18.46092789,61.39358907,-50.91954456,2.353730338,-17.4954912,24.77181136,-49.1610878,-15.32187248,-3.480686774,116.8723776,-120.1406649,0.46415228,0.240584189,0.448978656,0.689562845,1.831665241,0.41163147,2.243296711
Nic,28,9,1,30,62,79,83,64,63,81,R,A,1954,1954,686,686,0,0,0,0,0,0,0,-15.91728544,19.24423364,-21.33090669,6.890331707,3.982664198,13.03208166,39.39126179,31.58718054,18.48862696,1.560379783,136.4015786,11.51184812,17.70107264,-9.329580853,75.62213249,-13.11726197,1.666127355,-15.4078834,32.17203728,-40.12187485,-16.05008432,-10.63075569,124.1783105,-65.44979573,0.257327173,0.342272003,0.254196116,0.596468119,0.84763709,0.723174549,1.570811639
Nic,28,9,1,31,63,64,84,81,76,82,R,A,1954,1954,686,686,0,0,0,0,0,0,0,-3.2261323,15.24408158,-19.61675488,7.362631277,10.6199537,12.16080972,20.09029306,30.27985921,19.06433331,-0.225575256,121.2750601,-1.434965089,19.4398055,-12.57486837,72.87248828,-27.04357427,2.027815368,-17.1737481,10.07046053,-41.72168636,-14.50808214,-12.35901921,122.1441396,-79.01038295,0.21904542,0.278350336,0.356423207,0.634773543,1.340352539,0.978599886,2.318952425
Nic,28,9,1,32,64,83,86,84,81,85,R,A,1954,1954,686,686,0,0,0,0,0,0,0,-15.70936126,17.8555147,-31.29994843,9.590160414,4.749889968,13.73979958,29.45705513,34.18125548,18.63945862,3.72502863,117.5241963,23.48678709,17.90754076,-8.662941443,69.98025277,-12.22637451,1.731348544,-15.8808789,17.28422294,-42.77277285,-22.04910821,-11.47447916,132.2975452,-64.00018307,0.163482992,0.301912817,0.360916532,0.662829349,1.032463406,1.013799591,2.046262997
Nic,28,12,1,1,20,21,49,46,47,53,R,A,1802,158.2,628,55.15,0,1,0,0,0,0,0,-0.212398251,1.327775795,-0.65179376,0.57070736,1.026451557,0.890384494,2.86032134,2.518420013,2.120465853,-0.223879092,10.72465692,-1.132310833,2.127230472,-1.426539914,6.206985088,-2.639103234,1.054939486,-1.581633251,4.591855166,-4.988038814,-0.085571901,-0.929060676,15.40071425,-10.32785768,0.221007939,0.251809229,0.323250058,0.575059286,1.123943727,0.424704894,1.548648621
Nic,28,12,1,2,21,50,51,49,46,48,R,A,1802,158.2,628,55.15,0,1,0,0,0,0,0,-1.223633242,1.074387196,-1.678984631,0.70720958,0.093152859,0.65581001,4.390460816,0.351166539,1.049287596,-0.143599696,9.107612247,-1.246417435,1.16684655,-1.207347349,6.187854748,-3.463879527,0.258407844,-1.284975101,1.94472014,-4.68304225,-1.240826804,-0.414644147,6.586184356,-6.814788301,0.095868625,0.477230567,0.431479128,0.908709695,0.590140089,0.666871078,1.257011167
Nic,28,12,1,3,22,51,50,49,60,46,L,A,1802,158.2,628,55.15,0,1,0,0,0,0,0,-1.744590238,-1.91847668,-1.303458263,-0.503563061,0.153243519,-1.766686608,2.853049961,-3.368506103,2.135056269,-0.939592365,7.704968467,-3.390790983,2.22423011,0.527017344,6.689420816,0.000392049,0.921664221,1.07754634,-0.795102224,4.721075071,-1.305396703,1.085436419,11.74402633,2.782673219,0.438934778,0.233065162,0.415397628,0.648462791,0.868118019,1.737587481,2.6057055
Nic,28,12,1,4,35,55,59,54,56,58,L,A,1802,158.2,628,55.15,0,1,0,0,0,0,0,-1.630546845,-0.982123372,-1.915554645,-0.375091624,0.151220494,-1.136585027,2.090113595,-2.90812385,1.406049726,-0.344410991,11.15527845,-2.732478404,1.782565181,0.700531983,5.75520159,0.014766295,0.015229729,1.43473803,1.478110803,3.491112359,-1.854402428,1.084493695,9.875055471,3.880807429,0.347082539,0.38240273,0.249677419,0.632080149,0.950185491,1.167722306,2.117907797
Nic,28,12,1,5,23,56,58,57,62,63,L,A,1802,158.2,628,55.15,0,0,0,1,0,0,0,-1.795800257,-2.006169832,-1.102439871,-0.689250607,0.578478267,-2.081957686,1.357598843,-4.002089794,2.545125669,-1.263185015,9.722602152,-4.825476987,2.56258898,0.141717584,7.27583631,9.38E-05,1.111044731,0.713563015,5.410459724,2.859708028,-0.917586969,0.975486221,14.47631141,0.800576251,0.88010345,0.055264458,0.460934517,0.516198976,1.243767831,0.486214364,1.729982196
Nic,28,12,1,6,24,35,54,56,23,57,L,A,1802,158.2,628,55.15,0,0,0,0,0,0,0,-1.369079279,-2.261422699,-1.829135068,-0.391185793,0.833165158,-1.742918505,2.95463483,-3.638390344,2.115357345,-0.779635815,10.6296242,-3.917652848,1.837093443,0.640003192,6.679598294,0.002139676,-0.662697537,1.255536405,4.035574723,3.148754354,-2.709705341,0.729484479,12.36128116,4.306400109,0.052189403,0.337162334,0.355727542,0.692889875,0.889057978,0.662260944,1.551318923
Nic,28,12,1,7,25,61,55,35,24,56,L,A,1802,158.2,628,55.15,0,0,0,0,0,0,0,-1.54772827,-0.418858073,-1.798193644,0.603106673,0.119082611,-0.988388468,0.893362312,-2.789183145,1.732893849,-0.753971594,8.790067978,-3.824505218,2.063417559,0.41141189,6.124623044,-0.035798449,0.888191106,1.51083828,2.586600262,4.341687938,-1.33940063,1.351799651,10.80039754,2.153423551,0.49858191,0.212940674,0.424676887,0.637617561,1.254980578,1.039345881,2.294326458
Nic,28,12,1,8,26,74,75,27,36,76,L,A,1802,158.2,628,55.15,0,0,0,0,0,0,0,-1.466089415,-0.37627542,-1.258216536,0.330270623,0.203779472,-0.756214199,1.344753709,-2.644472095,1.715222912,-0.54715406,10.8238598,-3.452798343,1.79351165,0.475565499,6.038558442,-0.016658734,0.669497982,1.279036975,3.143101159,3.316748647,-1.013434896,1.467361832,11.38720152,3.019417337,0.144848585,0.269699144,0.315381743,0.585080887,1.097601231,0.815031452,1.912632683
Nic,28,12,1,9,27,75,78,77,76,25,L,A,1802,158.2,628,55.15,0,0,0,0,0,0,0,-1.409890604,-0.579289077,-2.234977805,-0.121686774,0.094391283,-0.815507451,2.945635756,-3.035677374,1.787563048,-0.404069514,11.93377508,-2.697569015,1.95516756,0.639159686,6.466802636,-0.000532805,0.517620541,1.287094981,2.689484599,3.644326909,-1.482144538,1.309833119,10.74947705,3.514088774,0.296758516,0.316833186,0.22281024,0.539643426,0.800368457,0.93510704,1.735475496
Nic,28,12,1,10,36,27,77,76,79,80,L,A,1802,158.2,628,55.15,0,0,0,1,0,0,0,-0.986506375,-1.223387336,-1.463565535,-0.703981722,0.477479611,-1.387750871,1.822240377,-3.754712542,2.270715503,-0.788168603,10.52427139,-3.652989672,1.871916757,0.432622808,6.755100921,-0.000627093,0.804130431,1.253283087,2.185388825,3.088385601,-1.134762642,1.188150273,11.52838315,2.664350043,0.31964696,0.227862921,0.334918649,0.562781571,1.118867995,0.955070536,2.073938532
Nic,28,12,1,11,28,26,27,36,72,79,L,A,1802,158.2,628,55.15,0,0,0,0,0,0,0,-1.914249965,-0.182933713,-2.410302402,0.443930803,-0.372070644,-0.643059886,0.571749288,-2.945955123,1.072588092,-0.459168444,7.864721043,-3.366839283,1.295719737,0.448377362,5.004281591,-0.016304204,0.086484047,1.234588023,2.972890584,3.178851914,-1.414303253,1.44923928,9.116582558,3.154747991,0.162497899,0.347116261,0.414466137,0.761582398,1.375842012,0.822123863,2.197965874
Nic,28,12,1,12,29,30,26,28,71,72,L,A,1802,158.2,628,55.15,0,0,0,0,0,0,0,-0.219733139,-1.097875293,-0.91559499,-0.073872646,0.909545044,-1.14993598,3.214403543,-3.004634993,2.025324385,-0.680140127,10.11918529,-3.398203283,2.013754056,0.445410416,7.112824908,-0.020697984,1.148962354,1.182940372,3.339304839,3.171747118,-0.308051074,1.034075274,12.47603406,2.759500597,0.313169229,0.227477478,0.331198729,0.558676207,0.748770941,0.762579432,1.511350373
Nic,28,12,1,13,30,73,74,26,28,36,L,A,1802,158.2,628,55.15,0,0,0,0,0,0,0,-0.73848213,-0.782533803,-2.056790154,0.180667145,0.760713251,-0.855423998,-0.047122195,-3.338234598,1.827113713,-0.712053763,7.539361048,-2.938202678,1.718073727,0.584635159,4.856390932,-0.008271001,0.077362559,1.179039248,1.748272414,3.310776804,-1.810425992,1.179783936,9.174417483,3.12191901,0.109293363,0.336485224,0.377773343,0.714258567,1.583208177,1.086660508,2.669868685
Nic,28,12,1,14,37,65,66,64,31,67,L,A,1802,158.2,628,55.15,0,1,0,0,0,0,0,-0.281342974,-1.987128685,-1.410882231,-0.518697961,1.06295088,-1.600193048,3.892340902,-3.762728385,1.97031409,-0.571033344,9.304583943,-2.696639949,1.617979622,0.952846235,4.756094198,0.00480205,-0.053492121,1.271588585,2.114290153,3.804010034,-1.619538273,0.377525013,8.959097339,5.276112288,0.466383745,0.538368599,0.287282235,0.825650834,0.76947785,1.062497094,1.831974944
Nic,28,12,1,15,31,64,68,67,69,70,L,A,1802,158.2,628,55.15,0,1,0,0,0,0,0,0.140400354,-1.442985024,-0.082166096,-0.653284128,1.680038179,-1.895081904,2.074867824,-4.806752096,2.795836496,-1.16464734,10.54060611,-4.390846491,2.873070884,0.525770683,6.892175762,6.65E-07,1.573903731,1.243252502,4.208282609,3.781430804,0.260733157,0.576676514,12.8716659,2.355509085,0.541448233,0.180947831,0.394607205,0.575555037,1.16330084,0.732023639,1.895324479
Nic,28,12,1,16,32,43,21,20,52,47,R,A,1802,158.2,628,55.15,0,0,0,0,0,0,0,-1.245536119,1.245113803,-0.985397678,0.327476916,0.671176043,1.259219736,2.203414989,2.121218449,1.644261762,0.080464535,9.972262281,0.488008338,1.437981892,-0.890754326,6.194771295,-1.724420058,0.310161113,-1.36374303,2.821859341,-3.801344398,-1.50918985,-0.391395539,11.15640775,-6.910809184,0.037656344,0.33470786,0.322103985,0.656811845,1.037887665,0.660727065,1.69861473
Nic,28,12,1,17,33,38,34,39,40,32,R,A,1802,158.2,628,55.15,0,1,0,1,0,0,0,-0.75842893,1.955569537,-0.864437269,0.242138051,0.618295023,0.898310886,2.636579428,1.501062697,1.799007609,-0.377441519,9.749967188,-2.045595811,1.48199893,-1.091759482,5.651708115,-3.07354118,0.506121263,-1.094915637,0.945814142,-3.741764258,-0.744175123,-0.727005108,10.87366679,-8.010416596,0.406735943,0.205918665,0.347094456,0.553013121,1.015646757,0.825120093,1.840766851
Nic,28,12,1,18,38,41,42,34,39,43,R,A,1802,158.2,628,55.15,0,1,0,1,0,0,0,-1.383306353,1.369116245,-1.381508573,0.698533883,0.450893517,0.434514592,1.605179783,1.603819867,1.65950547,-0.253261856,9.615799121,-1.467494487,1.567780363,-1.119796432,5.739383776,-2.421297175,0.107323991,-1.323003913,1.41739681,-3.700112655,-1.429224895,-0.508583432,9.453944194,-6.752535765,0.075065219,0.297187631,0.274879177,0.572066808,1.184194359,0.805750709,1.989945068
Nic,28,12,1,19,34,42,45,44,43,21,R,A,1802,158.2,628,55.15,0,1,0,0,0,0,0,-1.599046192,1.188608937,-2.019771921,0.506861268,-0.088736402,0.761448617,1.90114551,1.521091873,1.307292551,-0.030429557,9.032154862,-0.210239452,1.337965377,-0.832540437,5.16954182,-2.018303139,-0.025900825,-1.489133488,1.646196206,-3.766783631,-1.657101809,-0.758733349,9.370567527,-5.830775983,0.351336215,0.236617151,0.364776262,0.601393413,1.047019573,0.786558366,1.833577939
Nic,28,23,2,1,22,48,24,23,66,57,A,L,1718,157.63,688,63.13,0,1,0,0,0,0,0,-1.028379948,0.918898642,-2.02931212,0.178177819,0.298468698,1.055122448,1.190620772,2.504775386,1.219695531,0.407663433,7.827084694,2.616076007,0.908932478,-0.251067343,4.472096211,0.218593635,-0.372742712,-0.830656547,0.556875392,-2.416178268,-1.577846737,-0.720957128,7.906497879,-2.18395036,0.112288933,0.387954679,0.344391662,0.73234634,1.078229759,1.3931148,2.471344559
Nic,28,23,2,2,23,24,44,26,57,75,A,L,1718,157.63,688,63.13,0,0,0,0,0,0,0,-1.358692656,0.53476541,-1.977846435,-0.279651117,0.111285125,0.877996954,1.154661951,2.18856787,1.298842595,0.526690978,7.578715855,3.073229413,1.182643687,-0.161178415,5.167907813,0.388376719,-0.098244042,-0.825344871,1.691606187,-2.169179302,-1.534857881,-0.753671194,8.97713069,-1.223462076,0.336629736,0.281507093,0.424358926,0.705866019,1.010312114,0.983482043,1.993794157
Nic,28,23,2,3,48,78,79,24,23,26,A,L,1718,157.63,688,63.13,0,0,0,0,0,0,0,-1.110325845,0.686904009,-2.301083871,-0.05760034,0.11375628,0.945726539,1.257547513,2.476499401,1.120914719,0.455643419,7.213136943,2.932086021,0.963956826,-0.224290777,4.340099778,0.247803785,-0.001517678,-0.764067699,1.0592075,-2.179819679,-1.348102373,-0.878740897,8.205007593,-1.909118206,0.15514585,0.358162053,0.423933591,0.782095644,1.043899858,1.175514331,2.219414188
Nic,28,23,2,4,24,79,83,44,26,76,A,L,1718,157.63,688,63.13,0,0,0,0,0,0,0,-1.667338887,0.091332278,-2.109328872,-0.35185688,-0.205653429,0.611513861,0.731080082,2.334615727,0.815817287,0.383965586,6.784093888,3.192943604,1.064452976,-0.198378563,4.331540057,0.261905258,0.185939806,-1.15211669,1.786032997,-2.438474404,-1.314450143,-1.102107981,8.340608408,-1.554411466,0.36589129,0.311818113,0.491742359,0.803560472,1.20693011,0.99902069,2.205950799
Nic,28,23,2,5,57,26,76,75,74,84,A,L,1718,157.63,688,63.13,0,0,0,0,0,0,0,-1.759659204,0.699276426,-2.61851133,-0.062193681,-0.253697185,1.039665681,1.110961292,2.386022617,1.370935169,0.528867651,7.687475239,2.965608487,1.177266982,-0.270288822,4.686972019,0.216895673,-0.452193688,-0.857267231,1.581746638,-2.443075864,-1.744971461,-0.774150043,8.379350808,-1.923815829,0.172654972,0.331074742,0.400165265,0.731240007,1.088792095,1.042465697,2.131257792
Nic,28,23,2,6,44,83,47,77,76,86,A,L,1718,157.63,688,63.13,0,0,0,0,0,0,0,-1.363201525,0.816890319,-1.806359595,-0.120441859,0.119271891,1.088776762,1.003082368,2.815296193,1.656264241,0.594746957,8.073817462,2.899222389,1.442423543,-0.305008374,4.568692873,0.143882215,0.203174401,-1.185049363,1.908477991,-2.61095878,-1.213718207,-0.925328831,9.739378448,-2.059445024,0.243043042,0.279652037,0.369442455,0.649094492,1.197039838,0.971082366,2.168122204
Nic,28,23,2,7,27,22,23,66,67,68,A,L,1718,157.63,688,63.13,0,0,0,1,0,0,0,-0.868439511,0.062144281,-1.370399072,-0.395948283,0.521373545,0.626104168,1.820948054,1.968280443,1.3488449,0.563858432,8.256497878,3.451468696,1.501951103,-0.008778078,5.051235614,0.692082177,0.192880594,-0.563663601,4.081143186,-0.917336293,-1.086260535,-0.957753941,9.458942063,-0.05528231,0.467064911,0.230212145,0.431970328,0.662182473,0.688095854,0.357264281,1.045360135
Nic,28,23,2,8,28,49,48,22,27,66,A,L,1718,157.63,688,63.13,0,0,0,0,0,0,0,-0.999926053,-0.004356637,-1.603309413,-0.570048316,0.04570546,0.454320145,0.946529559,1.680361412,1.224514309,0.529531409,7.028414026,3.03938137,1.303762696,-0.076518396,4.504200718,0.671881521,0.372970419,-0.626542622,1.380313656,-1.694917889,-1.103619772,-0.986312885,7.793305402,-0.457392461,0.243162067,0.339340232,0.448365783,0.787706015,0.909731582,1.03542203,1.945153612
Nic,28,23,2,9,54,62,63,49,28,22,A,L,1718,157.63,688,63.13,0,0,0,0,0,0,0,-1.326976733,-0.026915855,-1.591607597,-0.503498253,0.086736471,0.576761166,2.472054539,2.459258521,1.103439271,0.454485636,6.725166182,2.769967963,1.2679287,-0.119343967,4.111010535,0.534621965,0.236381602,-0.729286632,1.455598151,-1.730827587,-1.120712617,-0.936993444,7.578575646,-0.713334497,0.186870766,0.346022729,0.425544569,0.771567298,0.653482724,1.000880507,1.654363231
Nic,28,23,2,10,29,31,100,30,98,102,A,L,1718,157.63,688,63.13,0,0,0,0,0,0,0,-0.668203365,0.783859085,-1.573351391,-0.178620367,0.995522415,0.84606215,3.295562168,2.765651845,2.585065438,0.624815047,10.63594807,2.57072811,2.418503999,-0.759853766,6.209813926,0.01385681,0.538354068,-1.370544515,2.320006528,-3.323945792,-1.156583345,-1.256374124,9.807589416,-3.081381614,0.232476707,0.314385436,0.241298145,0.555683581,0.695962025,0.963667113,1.659629138
Nic,28,23,2,11,30,100,105,101,102,106,A,L,1718,157.63,688,63.13,0,0,0,0,0,0,0,-0.253525825,1.381437816,-2.679917885,0.449602031,0.781397581,1.234120718,1.85539126,2.841505495,1.708976784,0.46629831,9.777279809,2.667753648,1.26609993,-0.438131196,5.463017335,0.004906372,-0.170002874,-1.279515409,0.776409026,-2.840126059,-1.806584273,-0.749640178,9.547405696,-3.303859497,0.204571892,0.338556677,0.269297497,0.607854174,0.991444518,1.304843017,2.296287535
Nic,28,23,2,12,31,99,107,100,30,101,A,L,1718,157.63,688,63.13,0,0,0,0,0,0,0,-1.508159458,1.060212634,-3.052777421,-0.164436559,-0.360526377,0.976884134,1.472059169,2.535745295,1.090107027,0.391929596,7.872621991,2.830468456,1.165099288,-0.339245978,4.289153766,0.021330613,-0.27986934,-0.976989572,0.001874221,-2.709034494,-1.646630082,-0.792131675,8.151864032,-2.373606367,0.154107143,0.300946062,0.355773262,0.656719324,1.039847954,1.575077597,2.614925551
Nic,28,23,2,13,32,33,82,81,79,83,A,L,1718,157.63,688,63.13,0,0,0,0,0,0,0,-0.611135564,0.505003897,-1.222513122,-0.320400022,0.60078684,1.119410084,2.515605848,2.589240111,1.521941022,0.558082094,8.864884385,3.250673427,1.691271995,-0.225794887,5.299508608,0.370856973,0.966904626,-0.750765693,2.735061472,-2.189428745,-0.344455989,-0.888923448,8.768953514,-1.170707533,0.296398827,0.267316605,0.379926321,0.647242925,0.729955944,0.744914031,1.474869976
Nic,28,23,2,14,33,109,110,82,81,34,A,L,1718,157.63,688,63.13,0,1,0,0,0,0,0,-1.160316953,0.83491277,-2.12820798,0.142961925,0.324008929,0.784541587,1.591197177,3.296039203,0.947449744,0.345617718,8.612895091,3.141875508,1.061057137,-0.372582354,4.221557015,0.172828437,-0.606337307,-1.023384523,0.351502464,-2.605180056,-1.965647381,-0.878016941,6.613870221,-2.322411534,0.156624807,0.447190033,0.37714898,0.824339013,1.080118626,1.477598457,2.557717083
Nic,28,23,2,15,34,87,93,88,47,89,A,L,1718,157.63,688,63.13,0,1,0,0,0,0,0,-1.515132944,0.832412433,-2.31042682,-0.182773864,0.028537539,0.917573868,1.611241768,2.938643915,1.204715679,0.358392809,10.13656491,3.015543029,1.388596531,-0.481707507,4.937425908,0.106794462,0.103867058,-0.884836287,1.494965386,-2.714069682,-1.45818207,-0.868542603,8.108261071,-2.812775448,0.234041331,0.396850443,0.303971037,0.70082148,1.047637391,1.088949555,2.136586947
Nic,28,23,2,16,35,95,31,29,46,98,A,L,1718,157.63,688,63.13,0,0,0,0,0,0,0,-1.905264884,0.920658643,-2.617574978,0.107457398,-0.463727211,1.03965375,1.326937024,2.401303213,1.026799438,0.385856715,9.250966307,3.476382379,1.240348852,-0.306337308,4.866766258,0.070414841,-0.569454658,-1.119464561,0.942826732,-2.829618797,-2.049405553,-1.133002045,9.186206905,-2.268779374,0.259690464,0.280560848,0.378977758,0.659538607,1.051499029,1.263633991,2.315133019
Nic,28,23,2,17,46,29,30,98,36,97,A,L,1718,157.63,688,63.13,0,0,0,0,0,0,0,-1.568398945,1.416380483,-2.73726086,0.086173075,0.070104039,1.295870186,1.402891823,2.798726586,1.368816357,0.530793433,9.152847367,3.54924987,1.020980308,-0.32367369,5.51973935,0.036293814,-0.172466271,-1.079365683,1.389042999,-2.793595576,-1.884592804,-0.916859146,9.229179232,-2.925857112,0.139525829,0.329962575,0.383465984,0.713428558,1.099565435,1.115947098,2.215512533
Nic,28,23,2,18,37,35,29,46,45,36,A,L,1718,157.63,688,63.13,0,0,0,0,0,0,0,-1.199188546,0.802135459,-2.179719461,0.256073738,0.210138362,1.113610222,1.838983146,3.350215163,1.407076137,0.416836455,9.293560257,2.753152167,1.079410271,-0.329197413,5.159070902,0.034775078,-0.393539989,-1.12402584,1.914920628,-2.916706784,-1.67686424,-0.82661561,9.291488336,-2.833708372,0.067014427,0.318955322,0.297580714,0.616536036,1.062046091,0.99658113,2.058627221
Nic,28,23,2,19,45,46,98,36,96,103,A,L,1718,157.63,688,63.13,0,0,0,0,0,0,0,-0.94471599,0.766334028,-1.547748751,-0.217346951,0.772878186,0.977923302,1.618416289,2.777858981,1.761766262,0.527334752,9.875406306,2.955922729,2.233496155,-0.44142683,5.825674876,0.052635477,1.137714061,-1.259224237,5.194003758,-3.040123817,-0.263343084,-1.359270863,14.03611003,-2.774088301,0.277258628,0.218225398,0.301941201,0.520166598,1.034224782,0.538585919,1.572810701
Nic,28,23,2,20,36,98,102,97,103,104,A,L,1718,157.63,688,63.13,0,0,0,1,0,0,0,-1.422185455,1.419198887,-2.32165484,0.660558613,0.096591269,1.441154059,1.987447967,3.291492824,1.642598672,0.624785395,9.472580714,3.603028651,1.541449377,-0.356928602,5.490720465,0.014404774,-0.234057208,-0.844904148,5.57678887,-3.039513724,-2.071336827,-0.651227231,12.20297082,-2.825645384,0.362092561,0.236882966,0.37134379,0.608226756,1.024953993,0.50164245,1.526596443
Nic,28,23,2,21,47,88,43,89,90,91,A,L,1718,157.63,688,63.13,0,0,0,0,0,0,0,-1.667804949,0.808134757,-2.233468208,0.033677177,-0.198240406,1.140626924,1.128913743,2.89034012,1.131001835,0.547207033,7.244475702,3.505058904,1.215238069,-0.274043442,4.384664672,0.11605707,-0.378227259,-1.035101088,0.993033908,-2.571298348,-1.647301301,-0.781533823,8.317870187,-1.875729399,0.41700998,0.284259576,0.487589094,0.771848669,1.171972833,1.228706006,2.400678839
Nic,28,23,2,25,26,44,77,76,75,85,A,L,1718,157.63,688,63.13,0,0,0,0,0,0,0,-0.873534072,0.733643575,-1.759819427,-0.130342999,0.486876014,0.87022408,1.05738525,2.551841582,1.915247006,0.756150397,7.430175394,2.933475449,1.691480443,-0.395919531,4.825130268,0.171800226,0.546813083,-0.863376557,1.697711926,-2.547613144,-1.091596555,-1.114398791,9.253202907,-2.165868231,0.230952216,0.312999286,0.406995889,0.719995175,1.142380595,1.018573379,2.160953974
Nic,28,23,2,38,39,80,33,32,78,79,A,L,1718,157.63,688,63.13,0,0,0,1,0,0,0,-1.240933647,0.480746575,-1.831000804,0.037675912,0.37461798,0.785150157,2.339310476,2.642898387,0.915529158,0.392989812,7.315304152,3.140085684,0.78244916,-0.176732876,3.548120139,0.237516472,0.185389383,-0.633692147,1.532905401,-2.326232552,-1.392327626,-0.893199881,7.481906087,-1.689948497,0.172845946,0.37216517,0.449934529,0.822099699,0.779415543,1.054986518,1.834402061
Nic,28,23,2,40,41,56,71,70,69,73,A,L,1718,157.63,688,63.13,0,0,0,0,0,0,0,-0.485766451,0.899715689,-1.611427182,0.377331721,0.929287337,1.07423703,2.588492588,3.228853839,1.938331106,0.501955877,9.054565508,2.344796693,1.401349451,-0.504913144,4.75411471,0.119529578,-0.109452591,-1.014172753,1.50776898,-2.275181055,-1.408672668,-0.463022913,8.76662289,-3.158657625,0.370325003,0.418359908,0.263430774,0.681790682,0.869897607,1.01067997,1.880577577
Nic,28,23,2,42,43,94,35,37,92,45,A,L,1718,157.63,688,63.13,0,0,0,0,0,0,0,-1.885281069,-0.046015204,-2.233083864,-0.886445359,-0.448214725,0.45160556,0.981051199,3.060448797,1.050404253,0.414896889,8.410572203,3.322073602,1.19511689,-0.355817904,4.634995752,0.067940648,0.382240957,-1.245192877,1.29470403,-2.958799696,-1.207870854,-1.585880224,8.96203251,-2.668234084,0.164585471,0.331864529,0.397245341,0.72910987,1.245930199,1.172978019,2.418908218
Nic,28,23,2,50,51,59,28,60,64,65,A,L,1718,157.63,688,63.13,0,0,0,1,0,0,0,-1.934950094,0.111943038,-2.183042769,-0.477826845,-0.462472166,0.603025419,0.393296019,1.637558627,0.955405871,0.49804707,5.75421643,2.999636827,1.10071226,-0.040488036,3.704643594,0.559910495,-0.15888735,-0.605730473,1.27273828,-1.502286238,-1.54991091,-0.97474009,7.668535055,-0.282075463,0.44908846,0.310538826,0.563681832,0.874220657,1.185086343,1.017931731,2.203018074
Nic,28,23,2,52,53,61,54,59,51,60,A,L,1718,157.63,688,63.13,0,0,0,0,0,0,0,-1.255042848,-0.120026144,-1.770784287,-0.724847295,-0.204601284,0.333073995,-0.024705331,1.09867059,1.235979963,0.693993787,5.422718827,3.044817301,1.101879569,0.179556981,3.838596575,1.057812836,0.30594395,-0.471112617,1.816894365,-0.876629462,-0.955074112,-0.811505328,7.569886942,1.233552269,0.559933713,0.267545736,0.607966898,0.875512634,1.324380439,0.718438667,2.042819106
Nic,28,23,2,55,56,68,74,71,70,72,A,L,1718,157.63,688,63.13,0,0,0,0,0,0,0,-1.254273469,0.71250096,-1.586416476,0.014881575,-0.05266652,0.847410045,0.94658776,2.298870313,1.615878984,0.560906603,8.663738595,3.007371365,1.417731517,-0.277254471,4.989205243,0.350105913,0.038281443,-0.872074228,1.128886908,-2.216162384,-1.457959092,-1.103919573,8.972340508,-1.754649237,0.03727971,0.343669399,0.356977413,0.700646812,1.110133638,1.169724257,2.279857895
Nic,28,23,2,108,49,63,78,48,22,23,A,L,1718,157.63,688,63.13,0,0,0,0,0,0,0,-1.444885238,0.390097073,-1.878141686,-0.467593664,0.018604481,0.640412981,0.821937775,1.772873435,1.367009027,0.57681282,7.348239894,3.10060789,1.357250824,-0.119508249,4.239692363,0.487698222,0.292334104,-0.676056851,1.510040347,-1.915320709,-1.245286138,-0.970275322,7.980719877,-0.702715991,0.313468895,0.303150818,0.441568948,0.744719765,1.022146623,1.017696331,2.039842954
Nic,28,29,2,1,31,63,59,32,33,34,P,R,1473,132.39,978,87.9,0,1,0,1,0,0,0,-0.224695365,0.77815226,-1.476262327,-0.02838416,0.758041893,0.629493317,5.286657632,2.512279593,1.831489847,0.494769203,10.88377754,2.940206277,1.656513556,-0.466595163,5.026328893,0.141126143,-0.398308252,-1.305629629,1.171493221,-3.172665511,-1.310468471,-1.046965344,8.40236823,-2.366720371,0.206261456,0.346822875,0.275286684,0.622109558,0.415550742,1.245150012,1.660700754
Nic,28,29,2,2,32,59,39,76,34,36,P,R,1473,132.39,978,87.9,0,1,0,0,0,0,0,-1.484721374,1.413823758,-2.716557352,0.035680687,-0.217158478,1.109914711,3.210726732,2.738477094,1.512163953,0.4950873,9.723292115,3.183436846,1.286323319,-0.31323869,4.788202187,0.112187952,-0.214651102,-0.876411892,0.588021602,-2.605482828,-1.714530325,-1.074824138,8.362973538,-2.036507339,0.11435072,0.296787498,0.335107254,0.631894753,0.682758166,1.372254607,2.055012773
Nic,28,29,2,3,33,32,76,34,35,73,P,R,1473,132.39,978,87.9,0,1,0,0,0,0,0,-0.61402557,0.488260624,-1.643406421,-0.316755433,0.610751468,0.706842932,2.403195646,2.907375346,1.708143268,0.473672172,9.9013359,2.745663886,1.836605811,-0.460585834,5.614496203,0.102665733,0.271648034,-1.031847982,0.737693704,-2.943982195,-0.859320953,-0.838049989,8.373613247,-2.099943067,0.035358012,0.29300489,0.28264482,0.57564971,0.861769549,1.34355864,2.205328188
Nic,28,29,2,4,34,76,77,36,73,48,P,R,1473,132.39,978,87.9,0,1,0,0,0,0,0,-1.020793074,0.509906962,-2.022441283,0.043951594,0.322969071,0.818118458,2.368610349,2.580781903,1.353599575,0.375780864,10.20016382,2.831728412,1.201651494,-0.341817933,5.764751448,0.074432733,-0.29137652,-0.951940825,0.640588245,-2.322814601,-1.597180276,-0.861838891,8.265915108,-2.35129572,0.103793137,0.314573721,0.281923127,0.596496848,0.815329155,1.314615108,2.129944263
Nic,28,29,2,5,35,34,36,73,74,75,P,R,1473,132.39,978,87.9,0,1,0,0,0,0,0,-0.717132443,0.820744379,-2.516458629,0.002224261,0.269446274,1.190388378,2.682247681,2.673393974,1.67946555,0.34476701,10.446142,2.144423355,1.847120147,-0.580114346,5.160177009,0.030827919,0.330013837,-0.925422456,1.137560935,-2.984168786,-1.347941984,-0.869152874,9.221173806,-2.896040745,0.363526757,0.32551889,0.207184064,0.532702954,0.777770883,1.212576508,1.990347391
Nic,28,29,2,6,36,77,46,47,48,50,P,R,1473,132.39,978,87.9,0,1,0,0,0,0,0,-0.810689222,0.842674293,-1.616668457,0.239396503,0.748200036,1.141792083,3.150031633,2.563730682,1.345894798,0.359691313,10.90011443,2.913063098,1.539698887,-0.374059728,6.529476408,0.017009817,0.147096773,-1.086658313,0.532712224,-2.644134083,-1.516952411,-0.636696338,9.450107874,-2.295841618,0.069135593,0.247911684,0.266324163,0.514235848,0.680538907,1.374593316,2.055132222
Nic,28,29,2,7,37,41,40,38,59,39,P,R,1473,132.39,978,87.9,0,0,0,0,0,0,0,-0.692923959,1.602236295,-1.562655429,0.45666336,0.869624181,1.462542737,2.82173475,2.75851788,2.0541163,0.623208774,10.37093179,3.146489655,1.845809685,-0.474658544,6.222142214,0.039596333,0.159769056,-0.669067842,3.218088167,-2.056224779,-1.289744995,-0.153934233,9.71912075,-2.499317095,0.107038948,0.271678443,0.304244448,0.575922891,0.76770628,0.57493767,1.34264395
Nic,28,29,2,8,38,40,51,78,39,44,P,R,1473,132.39,978,87.9,0,0,0,0,0,0,0,-0.659618368,0.570691805,-1.901971804,-0.355949799,0.40007352,0.505871914,2.30336085,2.700769789,2.028124317,0.505799667,10.61966975,2.648469513,2.227668422,-0.622122439,5.709327459,0.028825102,0.50690899,-1.284579249,1.546924883,-2.97861339,-0.841558298,-1.429389817,9.251196173,-2.583587697,0.134335603,0.28974937,0.250825714,0.540575084,0.859599284,1.096842306,1.95644159
Nic,28,29,2,9,39,78,45,44,77,46,P,R,1473,132.39,978,87.9,0,0,0,0,0,0,0,-0.148243471,1.514682801,-0.777112154,0.929458779,1.343513295,1.21890628,3.853921504,3.308844804,2.157409144,0.336579077,12.08692874,1.885691142,1.7843552,-0.63804895,6.879739325,0.000368106,0.496383027,-0.669219437,1.106224303,-2.5221482,-0.892549795,-0.009966801,8.83730598,-3.160039996,0.54948759,0.344176183,0.155055642,0.499231825,0.709392415,1.157513126,1.866905542
Nic,28,29,2,10,40,43,70,51,78,45,P,R,1473,132.39,978,87.9,0,1,0,0,0,0,0,-1.729278397,1.123850262,-2.221289346,0.204125652,0.203422569,1.101451659,2.355094174,2.874606228,1.306060886,0.383381842,10.79082189,3.167543885,1.280118867,-0.35557308,6.092639401,0.024914401,-0.286329335,-0.904233674,1.142492726,-2.536443062,-1.573451369,-0.752208911,9.497024858,-2.63794751,0.024823285,0.285664371,0.292936005,0.578600375,0.88032286,1.151673232,2.031996091
Nic,28,29,2,11,41,42,43,40,38,78,P,R,1473,132.39,978,87.9,0,0,0,0,0,0,0,-0.843532282,1.150301826,-1.789959995,0.199327445,0.40782447,1.113006734,3.20981983,2.988490721,1.590025846,0.383483932,10.45514116,2.521580798,1.137633033,-0.368601709,5.764916726,0.0116092,-0.316510094,-0.569851368,1.383460146,-2.85907663,-1.509882373,-0.877796791,9.003048001,-2.917055662,0.2545493,0.322758238,0.240600354,0.563358592,0.74769159,1.122138571,1.869830161
Nic,28,29,2,12,42,65,66,43,40,51,P,R,1473,132.39,978,87.9,0,1,0,0,0,0,0,-1.269762961,0.825479604,-1.492092684,-0.060704953,0.466893551,0.792143995,2.404388466,3.119198299,1.654723569,0.486133506,9.931640976,2.917770397,1.579241091,-0.434913654,5.769845282,0.036907244,-0.126712214,-1.00614766,1.286523689,-2.745699105,-1.365515658,-1.047524665,9.603266616,-2.644682814,0.018400132,0.289565299,0.294993213,0.584558512,0.907696882,1.139012362,2.046709244
Nic,28,29,2,13,43,66,71,70,51,72,P,R,1473,132.39,978,87.9,0,1,0,0,0,0,0,-0.906242818,0.8047902,-1.988167433,0.260247828,0.428128253,0.781014807,2.444938575,2.819426331,1.515923292,0.367636349,10.83580335,2.62786066,1.561609418,-0.486735745,6.447602178,0.008522937,-0.100194825,-1.249991674,1.551857959,-2.890852657,-1.843831005,-0.897441257,9.337610785,-2.910426188,0.21944116,0.308880347,0.241099285,0.549979632,0.855093018,1.079452843,1.934545861
Nic,28,29,2,14,44,45,88,87,46,86,P,R,1473,132.39,978,87.9,0,1,0,0,0,0,0,-0.921204243,1.038887816,-2.001062519,0.189212914,0.82402459,1.028245511,2.866867581,2.749842385,1.793340723,0.483346341,11.42866794,3.080287399,1.780877538,-0.48898196,6.046462857,0.022856037,0.329429335,-0.861191272,0.406230809,-2.533912615,-1.280360056,-0.618110518,9.435175921,-2.590650238,0.043093303,0.281733334,0.269592514,0.551325848,0.760785942,1.415611449,2.176397391
Nic,28,29,2,15,45,72,90,88,87,89,P,R,1473,132.39,978,87.9,0,1,0,0,0,0,0,-1.026623994,0.926090621,-2.034925178,0.095070103,0.475447531,0.615996998,2.499453005,3.053464679,1.66317979,0.376931319,11.67716301,2.646429738,1.889916275,-0.5071385,6.531892388,0.01073726,0.347208608,-0.914112785,1.00456299,-2.830987783,-1.35658412,-0.871300398,10.62454321,-2.850980746,0.160504356,0.269356562,0.22612366,0.495480222,0.883194748,1.231455251,2.114649999
Nic,28,29,2,16,46,87,89,86,83,85,P,R,1473,132.39,978,87.9,0,1,0,0,0,0,0,-0.749205445,0.730658221,-2.821062374,-0.112295682,0.482859253,0.588976154,2.760304935,2.545451413,1.772735297,0.458861916,12.35944441,3.199168175,1.749786083,-0.365129026,6.207794837,0.032090859,-0.014360952,-1.098363773,1.02678717,-2.886304042,-1.645888793,-1.218093355,9.69170377,-2.022374274,0.151536652,0.220749343,0.260175461,0.480924804,0.739756457,1.23418239,1.973938846
Nic,28,29,2,17,47,46,86,83,50,82,P,R,1473,132.39,978,87.9,0,1,0,0,0,0,0,-1.339963261,0.77261884,-2.16385472,0.032550221,0.574571478,0.725968746,2.174331265,2.965016962,1.598723301,0.398886093,11.2014363,2.794790788,1.446829243,-0.394759326,5.91999602,0.018469766,-0.309592926,-0.849905952,0.782504255,-2.238939885,-1.808694594,-0.903932292,9.1399043,-2.493772141,0.102547805,0.278185016,0.249657754,0.52784277,0.934930789,1.237688979,2.172619768
Nic,28,29,2,18,48,47,83,50,49,80,P,R,1473,132.39,978,87.9,0,0,0,0,0,0,0,-1.087809373,0.204164294,-2.687212411,-0.447135492,0.564265238,0.644193081,3.272602527,2.2819573,1.574539073,0.317315269,11.35653021,2.288670064,1.642215539,-0.494442398,6.224913851,0.020224396,0.297345175,-1.259519936,1.426687086,-2.877897509,-1.022758438,-1.372496645,9.586939347,-2.88645989,0.336658893,0.305384805,0.202574295,0.5079591,0.605656804,1.113811963,1.719468767
Nic,28,29,2,19,49,50,82,80,79,81,P,R,1473,132.39,978,87.9,0,0,0,0,0,0,0,0.33112866,1.403174125,-0.7691162,0.433331659,1.754000635,1.286929462,4.17183842,3.1315569,2.824995132,0.55787794,12.50615384,2.46970597,2.583271594,-0.514338059,7.379204197,0.009512399,0.938467458,-0.650367939,3.00798992,-2.303631271,-0.4963792,-0.341608184,11.8225882,-2.353917059,0.020423885,0.201451079,0.197336665,0.398787744,0.642622745,0.654849334,1.297472079
Nic,28,29,2,20,50,83,85,82,80,84,P,R,1473,132.39,978,87.9,0,0,0,0,0,0,0,-0.662692593,0.701402516,-1.827678008,0.334282102,1.021516351,1.146420216,3.326218254,2.560280098,2.151600045,0.549665197,12.01920006,3.070522322,2.14887548,-0.42329317,6.527437396,0.018107588,0.739891848,-0.790186718,1.505013015,-2.615795397,-0.690439312,-0.630317874,10.50433395,-2.069181232,0.203044942,0.203337079,0.255142466,0.458479545,0.653233263,1.051468772,1.704702035
Nic,28,29,2,21,51,70,91,72,45,88,P,R,1473,132.39,978,87.9,0,1,0,0,0,0,0,-0.477315465,0.18661301,-1.588688857,-0.377925093,0.941794685,0.721546685,3.142145629,2.728818411,2.10233846,0.568094907,11.12163989,3.005294867,1.981693572,-0.535690124,6.187527874,0.021715967,0.312029008,-1.339312625,1.787334204,-3.086701319,-1.150740146,-1.471283919,10.35053504,-2.797949933,0.024733049,0.2768848,0.270036595,0.546921395,0.711602579,1.049438212,1.761040791
Nic,28,29,2,22,54,55,57,56,92,94,P,R,1473,132.39,978,87.9,0,0,0,0,0,0,0,-0.543081234,1.19213519,-1.540976557,0.694975367,0.855632462,1.461489263,2.635018882,3.055328114,2.224929036,0.429718639,11.48802368,2.218775441,1.899198922,-0.559415314,7.336452478,0.001930493,0.336734851,-0.752276342,2.12609868,-2.543554849,-0.895649955,-0.292550261,10.70990692,-3.154638453,0.335275574,0.28847268,0.191754836,0.480227516,0.858864686,0.874821957,1.733686643
Nic,28,29,2,23,55,93,96,57,56,95,P,R,1473,132.39,978,87.9,0,0,0,0,0,0,0,-1.728650387,0.734060911,-2.858347904,0.101292487,-0.051202755,0.78502718,1.777928147,2.692924592,1.445267604,0.378328208,10.47091668,2.740975536,1.448750153,-0.360121672,6.034147825,0.013088042,-0.22183844,-0.720773154,2.080932351,-2.493044611,-1.73550083,-0.84079411,10.89561074,-2.708365933,0.032672829,0.252085545,0.260600087,0.512685631,0.985099681,0.877423861,1.862523543
Nic,28,29,2,24,56,57,97,95,94,100,P,R,1473,132.39,978,87.9,0,0,0,0,0,0,0,-0.828162233,1.032403084,-2.053233126,0.323070823,0.601248699,1.049374852,1.927019226,2.794996838,1.969923939,0.591590338,10.03277031,3.012953886,2.182009639,-0.464290082,6.758388796,0.011991982,0.589695934,-1.03976725,1.540251313,-2.529781549,-0.836213605,-1.078937906,11.12005523,-2.366135904,0.271042107,0.21621337,0.296606116,0.512819486,0.965409566,1.025671039,1.991080605
Nic,28,29,2,25,57,96,98,97,95,58,P,R,1473,132.39,978,87.9,0,1,0,1,0,0,0,-1.149785119,1.371187382,-2.04366083,1.22415248,0.468267922,1.3535125,2.836727977,3.136893576,1.859699473,0.375683826,10.43879367,2.108774024,1.501324703,-0.491266947,5.971719237,-4.40E-05,-0.119498652,-0.586490183,2.207757584,-2.439005503,-1.420439927,-0.48661668,10.47102232,-3.426352176,0.369636443,0.31641335,0.199455445,0.515868795,0.835611818,0.83511515,1.670726968
Nic,28,29,2,26,58,99,104,101,102,103,P,R,1473,132.39,978,87.9,0,0,0,1,0,0,0,0.56502534,0.575307231,0.286255879,0.421768064,2.143777023,0.801762389,5.003706258,3.348485484,3.333918858,0.381867356,12.73125651,1.458239228,3.120206885,-0.765265183,7.41867487,0.000441365,1.649098563,-1.346990209,3.459784716,-2.655256808,0.40340591,-1.018719223,11.0952976,-2.721244222,0.526155615,0.241131723,0.114258913,0.355390636,0.589695632,0.654643574,1.244339206
Nic,28,29,2,27,59,38,78,39,76,77,P,R,1473,132.39,978,87.9,0,1,0,0,0,0,0,-2.50874767,0.658739128,-1.878131326,0.261880964,-0.926695224,1.047345318,1.052921784,2.421506615,1.016171757,0.374691875,8.636485839,3.18452176,1.125554204,-0.419194869,4.636119905,0.043384285,-0.487824696,-0.888409628,-0.605043092,-2.694106162,-2.072432678,-0.873546633,7.227853348,-2.691899709,0.053408751,0.389421546,0.368623028,0.758044574,1.151279135,1.801068843,2.952347978
Nic,28,29,2,28,60,64,42,41,37,38,P,R,1473,132.39,978,87.9,0,1,0,0,0,0,0,-1.010043312,1.033528448,-2.248181934,0.656776196,0.247546574,1.216255867,2.688695346,3.182862778,1.558427131,0.552646515,9.283301855,3.292027142,1.154909218,-0.337410474,4.685090858,0.053967297,-0.33624149,-0.67247285,0.431426377,-2.413339228,-1.554924105,-0.442284117,8.231334046,-2.404810942,0.106850475,0.318774365,0.356910412,0.675684777,0.857844762,1.405415997,2.263260759
Nic,28,29,2,29,61,108,110,107,106,111,P,R,1473,132.39,978,87.9,0,1,0,0,0,0,0,0.418299133,1.607565941,-1.22134475,0.536406748,1.430147514,1.216754162,3.404768168,2.935452452,2.089474358,0.507954496,12.75676683,3.101190035,1.657324401,-0.280681512,6.682181272,0.003399232,-0.052894673,-0.630638401,0.845392079,-2.184005328,-1.392481654,-0.564278466,13.58846633,-2.301318479,0.292873223,0.169945525,0.24033247,0.410277995,0.71100223,1.201983053,1.912985282
Nic,28,29,2,30,62,61,107,106,105,109,P,R,1473,132.39,978,87.9,0,0,0,1,0,0,0,-0.297220351,1.125967746,-1.542676137,0.250563792,1.511953711,0.995135665,5.967895652,2.821122568,3.01690685,0.42777689,13.84295449,1.962836879,2.317882947,-0.421773038,7.921556591,0.000860655,0.384222672,-0.717663518,2.427239058,-2.380641154,-1.362258617,-0.613009276,13.25375587,-2.411716641,0.218480891,0.180740325,0.141252018,0.321992343,0.441474886,0.775815129,1.217290015
Nic,28,29,2,52,53,68,69,67,65,66,P,R,1473,132.39,978,87.9,0,0,0,1,0,0,0,-0.98691841,0.666451114,-1.880894304,0.304331388,0.335697238,0.929612191,4.471422212,2.872768576,1.239103204,0.373745804,11.13933149,3.359912543,1.078157818,-0.362975491,4.668468432,0.029576131,-0.752222255,-0.809141761,-0.035229788,-2.314824864,-2.233249449,-0.628550631,7.49182009,-2.522216161,0.130155299,0.347787039,0.302520713,0.650307753,0.564730493,1.592349566,2.157080059